Field_00	Field_01	Field_02	Field_03	Field_04	Field_05	Field_06	AltForm	Field_08	HeldItem	Species	EntryID	Field_0C	Nature	Field_0E	IV_Hp	IV_Atk	IV_Def	IV_SpAtk	IV_SpDef	IV_Spe	Field_15	Move0	Move1	Move2	Move3
False	False	False	0	True	True	False	0	0	640	812	0	1	15	0	16	16	16	0	0	16	4	520	414	411	555
True	False	False	0	False	True	False	0	0	287	815	1	1	15	0	16	16	16	0	0	16	4	519	247	411	486
True	False	False	0	False	True	False	0	0	268	818	2	1	15	0	16	16	16	0	0	16	4	518	247	59	341
False	False	False	0	True	False	True	0	0	269	826	3	1	20	0	16	16	16	0	0	16	4	94	405	115	113
True	False	False	0	False	True	False	0	0	195	12	4	1	10	0	16	16	16	0	0	16	4	676	412	366	219
False	False	True	0	False	True	False	0	0	158	738	5	1	15	0	16	16	16	0	0	16	4	435	405	598	564
False	False	False	0	True	True	False	0	0	158	164	6	1	15	0	16	16	16	0	0	16	4	304	257	115	432
False	True	True	0	False	False	False	0	0	157	823	7	1	8	0	16	16	16	0	0	16	4	65	442	113	366
False	True	False	0	True	False	False	0	0	159	820	8	1	3	0	16	16	16	0	0	16	4	34	242	39	182
True	False	True	0	False	False	False	0	0	232	521	9	1	14	0	16	16	16	0	0	16	4	314	400	197	526
True	False	False	0	False	True	False	0	0	275	828	10	1	10	0	16	16	16	0	0	16	4	555	447	417	226
True	False	False	0	False	True	False	0	0	189	862	11	1	15	0	16	16	16	0	0	16	4	555	196	304	575
False	False	True	0	True	False	False	0	0	540	832	12	1	8	0	16	16	16	0	0	16	4	514	68	34	156
False	True	False	0	True	False	False	0	0	234	272	13	1	15	0	16	16	16	0	0	16	4	182	73	409	240
False	True	False	0	False	True	False	0	0	268	275	14	1	11	0	16	16	16	0	0	16	4	75	314	196	555
True	True	False	0	False	False	False	0	0	187	834	15	1	13	0	16	16	16	0	0	16	4	157	423	380	240
False	True	True	0	False	False	False	0	0	201	510	16	1	3	0	16	16	16	0	0	16	4	252	389	227	203
True	False	False	0	False	True	False	0	0	203	836	17	1	14	0	16	16	16	0	0	16	4	486	488	86	336
True	True	False	0	False	False	False	0	0	158	660	18	1	3	0	16	16	16	0	0	16	4	25	707	43	98
True	False	False	0	False	True	False	0	0	158	573	19	1	10	0	16	16	16	0	0	16	4	304	605	39	270
True	False	False	0	False	True	False	0	0	296	763	20	1	15	0	16	16	16	0	0	16	4	577	202	367	182
False	False	False	0	False	True	True	0	0	234	45	21	1	15	0	16	16	16	0	0	16	4	202	482	204	182
False	False	True	0	False	False	True	0	0	157	182	22	1	17	0	16	16	16	0	0	16	4	80	605	182	270
False	True	False	0	False	False	True	0	0	213	407	23	1	3	0	16	16	16	0	0	16	4	390	791	182	75
True	False	False	0	False	True	False	0	0	221	279	24	1	10	0	16	16	16	0	0	16	4	239	403	366	196
True	False	False	0	False	True	False	0	0	275	596	25	1	10	0	16	16	16	0	0	16	4	564	435	380	182
True	True	False	0	False	False	False	0	0	275	310	26	1	13	0	16	16	16	0	0	16	4	422	423	424	97
False	False	False	0	False	True	True	0	0	541	38	27	1	15	0	16	16	16	0	0	16	4	261	506	53	412
True	True	False	0	False	False	False	0	0	234	59	28	1	13	0	16	16	16	0	0	16	4	261	91	182	424
True	True	False	0	False	False	False	0	0	234	584	29	1	13	0	16	16	16	0	0	16	4	286	556	153	182
False	True	False	0	True	False	False	0	0	213	473	30	1	3	0	16	16	16	0	0	16	4	196	157	446	258
False	False	False	0	True	True	False	0	0	221	362	31	1	15	0	16	16	16	0	0	16	4	196	399	156	214
True	False	False	0	False	True	False	0	0	213	478	32	1	10	0	16	16	16	0	0	16	4	261	104	577	258
True	False	False	0	False	False	True	0	0	540	344	33	1	13	0	16	16	16	0	0	16	4	446	414	598	326
False	False	True	0	False	False	True	0	0	234	750	34	1	23	0	16	16	16	0	0	16	4	34	182	201	446
True	True	False	0	False	False	False	0	0	217	558	35	1	13	0	16	16	16	0	0	16	4	14	398	404	157
False	True	False	0	True	False	False	0	0	234	623	36	1	3	0	16	16	16	0	0	16	4	174	182	189	409
False	False	False	0	False	True	True	0	0	234	518	37	1	15	0	16	16	16	0	0	16	4	138	281	182	605
True	False	False	0	False	True	False	0	0	275	178	38	1	10	0	16	16	16	0	0	16	4	273	369	366	403
False	True	False	0	True	False	False	0	0	540	760	39	1	8	0	16	16	16	0	0	16	4	269	339	409	371
False	True	False	0	False	False	True	0	0	184	460	40	1	2	0	16	16	16	0	0	16	4	402	420	419	182
True	True	False	0	False	False	False	0	0	1121	99	41	1	13	0	16	16	16	0	0	16	4	12	707	157	182
False	False	True	0	True	False	False	0	0	187	195	42	1	8	0	16	16	16	0	0	16	4	612	156	214	710
False	False	True	0	False	False	True	0	0	234	342	43	1	5	0	16	16	16	0	0	16	4	555	246	156	214
True	True	False	0	False	False	False	0	0	195	291	44	1	3	0	16	16	16	0	0	16	4	14	404	182	226
True	True	False	0	False	False	False	0	0	650	292	45	1	13	0	16	16	16	0	0	16	4	261	566	425	182
True	True	False	0	False	False	False	0	0	221	106	46	1	13	0	16	16	16	0	0	16	4	490	182	317	157
False	True	True	0	False	False	False	0	0	232	107	47	1	8	0	16	16	16	0	0	16	4	183	418	252	197
True	False	False	0	False	False	True	0	0	234	237	48	1	13	0	16	16	16	0	0	16	4	339	167	418	197
False	True	False	0	True	False	False	0	0	540	675	49	1	2	0	16	16	16	0	0	16	4	575	514	269	371
False	True	False	0	False	False	True	0	0	541	601	50	1	3	0	16	16	16	0	0	16	4	602	674	544	528
False	False	True	0	False	False	True	0	0	213	416	51	1	8	0	16	16	16	0	0	16	4	207	390	454	213
False	False	False	0	False	True	True	0	0	157	437	52	1	15	0	16	16	16	0	0	16	4	240	241	201	311
False	False	False	0	False	True	True	0	0	269	282	53	1	20	0	16	16	16	0	0	16	4	605	304	791	113
True	False	False	0	False	True	False	0	0	204	475	54	1	15	0	16	16	16	0	0	16	4	396	412	247	85
False	False	False	0	True	True	False	0	0	158	426	55	1	15	0	16	16	16	0	0	16	4	94	247	114	432
False	False	True	0	False	False	True	0	0	879	830	56	1	22	0	16	16	16	0	0	16	4	202	304	580	270
True	True	False	0	False	False	False	0	0	234	421	57	1	13	0	16	16	16	0	0	16	4	182	577	202	241
False	False	True	0	True	False	False	0	0	234	435	58	1	8	0	16	16	16	0	0	16	4	92	474	506	182
False	False	False	0	True	True	False	0	0	285	537	59	1	15	0	16	16	16	0	0	16	4	240	311	341	380
False	False	True	0	False	False	True	0	0	540	477	60	1	23	0	16	16	16	0	0	16	4	425	220	261	182
False	True	False	0	False	False	True	0	0	639	68	61	1	2	0	16	16	16	0	0	16	4	279	371	68	418
True	False	False	0	False	True	False	0	0	275	94	62	1	15	0	16	16	16	0	0	16	4	92	182	474	506
True	False	False	0	False	True	False	0	0	158	130	63	1	10	0	16	16	16	0	0	16	4	58	542	56	85
True	False	False	0	False	False	True	0	0	234	119	64	1	10	0	16	16	16	0	0	16	4	60	352	182	114
False	False	False	0	False	True	True	0	0	213	224	65	1	20	0	16	16	16	0	0	16	4	190	188	156	214
False	False	True	0	False	True	False	0	0	157	91	66	1	20	0	16	16	16	0	0	16	4	258	240	311	182
False	False	False	0	False	True	True	0	0	285	350	67	1	10	0	16	16	16	0	0	16	4	240	503	105	196
True	False	False	0	False	True	False	0	0	213	550	68	1	15	0	16	16	16	0	0	16	4	330	196	253	182
False	False	True	0	False	False	True	0	0	213	746	69	1	5	0	16	16	16	0	0	16	4	330	58	182	283
False	False	True	0	False	False	True	0	0	540	771	70	1	7	0	16	16	16	0	0	16	4	219	207	182	180
False	True	False	0	False	False	True	0	0	540	569	71	1	22	0	16	16	16	0	0	16	4	174	409	156	214
False	False	True	0	True	False	False	0	0	286	851	72	1	5	0	16	16	16	0	0	16	4	503	257	182	35
False	False	True	0	True	False	False	0	0	213	839	73	1	8	0	16	16	16	0	0	16	4	446	261	182	189
True	True	False	0	False	False	False	0	0	283	51	74	1	13	0	16	16	16	0	0	16	4	667	157	502	201
False	False	True	0	True	False	False	0	0	234	530	75	1	8	0	16	16	16	0	0	16	4	398	91	182	201
False	False	True	0	False	True	False	0	0	234	526	76	1	15	0	16	16	16	0	0	16	4	408	430	414	182
False	True	False	0	True	False	False	0	0	273	534	77	1	3	0	16	16	16	0	0	16	4	371	263	409	182
True	True	False	0	False	False	False	0	0	273	528	78	1	13	0	16	16	16	0	0	16	4	706	282	271	182
True	False	False	0	False	True	False	0	0	327	715	79	1	15	0	16	16	16	0	0	16	4	314	257	432	366
False	True	True	0	False	False	False	0	0	158	208	80	1	8	0	16	16	16	0	0	16	4	91	784	469	201
False	False	False	0	True	False	True	0	0	234	847	81	1	23	0	16	16	16	0	0	16	4	398	340	291	182
False	False	True	0	False	False	True	0	0	639	863	82	1	8	0	16	16	16	0	0	16	4	334	133	226	442
False	False	False	0	True	False	True	0	0	296	869	83	1	22	0	16	16	16	0	0	16	4	577	409	202	204
False	False	False	0	False	True	True	0	0	234	743	84	1	15	0	16	16	16	0	0	16	4	285	577	182	312
False	False	False	0	False	True	True	0	0	268	598	85	1	15	0	16	16	16	0	0	16	4	430	202	85	491
False	False	False	0	True	False	True	0	0	158	711	86	1	22	0	16	16	16	0	0	16	4	174	502	182	75
True	False	True	0	False	False	False	0	0	269	26	87	1	5	0	16	16	16	0	0	16	4	364	435	129	115
False	False	False	0	True	False	True	0	0	202	134	88	1	20	0	16	16	16	0	0	16	4	281	151	226	352
True	False	False	0	False	False	True	0	0	203	135	89	1	20	0	16	16	16	0	0	16	4	86	97	226	486
False	True	False	0	False	False	True	0	0	201	136	90	1	23	0	16	16	16	0	0	16	4	261	174	226	424
False	False	False	0	False	True	True	0	0	204	196	91	1	20	0	16	16	16	0	0	16	4	281	347	226	60
False	False	True	0	False	False	True	0	0	205	197	92	1	5	0	16	16	16	0	0	16	4	109	526	226	555
True	False	True	0	False	False	False	0	0	201	470	93	1	8	0	16	16	16	0	0	16	4	281	14	226	75
False	False	True	0	False	False	True	0	0	204	471	94	1	5	0	16	16	16	0	0	16	4	281	526	226	196
False	False	False	0	True	False	True	0	0	205	700	95	1	20	0	16	16	16	0	0	16	4	281	347	226	577
False	False	True	0	True	False	False	0	0	204	685	96	1	5	0	16	16	16	0	0	16	4	273	577	281	182
False	False	False	0	True	False	True	0	0	158	683	97	1	20	0	16	16	16	0	0	16	4	313	605	270	502
True	True	False	0	False	False	False	0	0	232	752	98	1	13	0	16	16	16	0	0	16	4	240	127	564	404
False	False	False	0	True	False	True	0	0	158	202	99	1	20	0	16	16	16	0	0	16	4	68	243	227	194
False	False	True	0	False	False	True	0	0	234	865	100	1	23	0	16	16	16	0	0	16	4	279	334	182	398
False	True	False	0	True	False	False	0	0	234	171	101	1	3	0	16	16	16	0	0	16	4	340	291	521	182
False	True	False	0	False	False	True	0	0	234	454	102	1	23	0	16	16	16	0	0	16	4	92	182	409	389
False	False	True	0	False	False	True	0	0	1119	560	103	1	8	0	16	16	16	0	0	16	4	168	370	252	182
False	False	True	0	False	True	False	1	0	544	618	104	1	5	0	16	16	16	0	0	16	4	779	68	253	414
False	False	True	0	True	False	False	0	0	159	213	105	1	7	0	16	16	16	0	0	16	4	343	360	182	92
True	True	False	0	False	False	False	0	0	157	340	106	1	3	0	16	16	16	0	0	16	4	349	428	127	37
False	False	False	0	True	False	True	1	0	234	423	107	1	20	0	16	16	16	0	0	16	4	330	255	254	281
False	False	True	0	False	True	False	0	0	297	768	108	1	15	0	16	16	16	0	0	16	4	330	482	405	411
False	False	True	0	False	False	True	0	0	544	689	109	1	8	0	16	16	16	0	0	16	4	201	250	398	156
True	False	False	0	True	False	False	0	0	269	225	110	1	10	0	16	16	16	0	0	16	4	229	196	694	258
False	False	False	0	True	True	False	0	0	234	864	111	1	15	0	16	16	16	0	0	16	4	446	174	202	182
False	False	False	0	True	False	True	0	0	540	861	112	1	23	0	16	16	16	0	0	16	4	269	590	789	242
False	False	True	0	False	False	True	0	0	213	858	113	1	20	0	16	16	16	0	0	16	4	609	164	577	347
True	True	False	0	False	False	False	0	0	541	758	114	1	3	0	16	16	16	0	0	16	4	398	337	282	680
True	True	False	0	False	False	False	0	0	189	625	115	1	13	0	16	16	16	0	0	16	4	446	86	317	442
False	False	False	0	True	False	True	0	0	232	538	116	1	23	0	16	16	16	0	0	16	4	156	214	279	371
True	True	False	0	False	False	False	0	0	203	539	117	1	13	0	16	16	16	0	0	16	4	501	179	675	339
False	True	True	0	False	False	False	1	0	234	110	118	1	7	0	16	16	16	0	0	16	4	174	360	583	261
False	False	True	0	True	False	False	0	0	234	185	119	1	8	0	16	16	16	0	0	16	4	446	174	776	157
False	False	True	0	False	False	True	0	0	158	36	120	1	20	0	16	16	16	0	0	16	4	227	113	605	266
False	False	True	0	False	False	True	0	0	540	468	121	1	5	0	16	16	16	0	0	16	4	227	113	605	266
False	True	False	0	True	False	False	0	0	201	143	122	1	3	0	16	16	16	0	0	16	4	156	214	34	242
True	True	False	0	False	False	False	0	0	190	547	123	1	3	0	16	16	16	0	0	16	4	204	369	583	402
True	True	False	0	False	False	False	0	0	639	464	124	1	13	0	16	16	16	0	0	16	4	397	350	89	407
True	True	False	0	False	False	False	0	0	327	576	125	1	13	0	16	16	16	0	0	16	4	86	428	157	252
False	False	False	0	True	True	False	0	0	269	579	126	1	15	0	16	16	16	0	0	16	4	113	115	94	247
False	False	True	0	False	False	True	0	0	184	589	127	1	7	0	16	16	16	0	0	16	4	269	368	68	182
False	False	False	0	True	False	True	0	0	234	617	128	1	23	0	16	16	16	0	0	16	4	191	141	281	182
False	False	True	0	False	False	True	0	0	234	606	129	1	22	0	16	16	16	0	0	16	4	322	500	182	161
False	True	False	0	True	False	False	0	0	234	614	130	1	3	0	16	16	16	0	0	16	4	281	182	14	524
True	True	False	0	False	False	False	0	0	214	628	131	1	3	0	16	16	16	0	0	16	4	276	369	514	182
False	False	True	0	False	True	False	0	0	686	630	132	1	15	0	16	16	16	0	0	16	4	555	257	355	432
False	False	True	0	False	False	True	0	0	234	452	133	1	8	0	16	16	16	0	0	16	4	92	182	109	675
False	False	True	0	False	False	True	0	0	286	609	134	1	5	0	16	16	16	0	0	16	4	174	83	182	156
False	False	True	0	True	False	False	0	0	544	687	135	1	7	0	16	16	16	0	0	16	4	35	50	156	371
False	False	False	0	True	True	False	0	0	157	461	136	1	15	0	16	16	16	0	0	16	4	196	555	115	252
False	False	False	0	True	False	True	0	0	234	302	137	1	20	0	16	16	16	0	0	16	4	261	259	212	492
False	False	True	0	False	False	True	0	0	547	303	138	1	23	0	16	16	16	0	0	16	4	389	270	612	226
True	False	False	0	False	True	False	0	0	184	556	139	1	15	0	16	16	16	0	0	16	4	240	241	311	76
True	False	False	0	False	True	False	0	0	221	561	140	1	10	0	16	16	16	0	0	16	4	366	403	113	115
False	False	True	0	False	False	True	0	0	275	448	141	1	2	0	16	16	16	0	0	16	4	68	245	371	418
False	False	True	0	False	False	True	0	0	158	324	142	1	20	0	16	16	16	0	0	16	4	281	446	257	182
True	False	False	0	False	False	True	0	0	234	778	143	1	13	0	16	16	16	0	0	16	4	174	182	566	261
False	False	True	0	True	False	False	0	0	234	879	144	1	8	0	16	16	16	0	0	16	4	18	446	484	182
True	True	False	0	False	False	False	0	0	213	211	145	1	13	0	16	16	16	0	0	16	4	86	127	107	398
False	False	True	0	True	False	False	0	0	198	593	146	1	5	0	16	16	16	0	0	16	4	105	503	506	151
False	True	False	0	False	False	True	0	0	640	748	147	1	23	0	16	16	16	0	0	16	4	398	710	371	42
True	True	False	0	False	False	False	0	0	544	845	148	1	13	0	16	16	16	0	0	16	4	291	250	182	19
False	True	True	0	False	False	False	0	0	283	844	149	1	8	0	16	16	16	0	0	16	4	424	667	446	201
False	True	True	0	False	False	False	0	0	283	450	150	1	2	0	16	16	16	0	0	16	4	667	444	442	201
True	True	False	0	False	False	False	0	0	221	632	151	1	13	0	16	16	16	0	0	16	4	86	157	442	422
False	False	False	0	True	False	True	0	0	544	631	152	1	23	0	16	16	16	0	0	16	4	83	261	409	182
True	False	False	0	False	False	True	0	0	542	695	153	1	13	0	16	16	16	0	0	16	4	137	525	369	521
True	True	False	0	False	False	False	0	0	542	701	154	1	13	0	16	16	16	0	0	16	4	157	675	364	512
True	False	False	0	False	True	False	0	0	188	330	155	1	15	0	16	16	16	0	0	16	4	406	414	405	53
True	True	False	0	False	False	False	0	0	232	612	156	1	11	0	16	16	16	0	0	16	4	784	157	43	555
False	False	True	0	False	False	True	0	0	540	867	157	1	5	0	16	16	16	0	0	16	4	261	471	101	776
False	False	True	0	True	False	False	0	0	158	681	158	1	7	0	16	16	16	0	0	16	4	588	14	425	442
True	False	False	0	False	False	True	1	0	234	78	159	1	10	0	16	16	16	0	0	16	4	182	286	94	605
False	False	False	0	True	False	True	0	0	234	855	160	1	20	0	16	16	16	0	0	16	4	174	182	247	94
False	False	True	0	True	False	False	0	0	296	709	161	1	8	0	16	16	16	0	0	16	4	532	409	261	182
False	False	False	0	True	False	True	0	0	190	756	162	1	20	0	16	16	16	0	0	16	4	147	73	676	605
False	True	False	0	False	False	True	0	0	640	765	163	1	3	0	16	16	16	0	0	16	4	89	428	280	387
False	False	False	0	True	False	True	0	0	234	766	164	1	23	0	16	16	16	0	0	16	4	339	409	182	279
True	False	False	0	False	True	False	0	0	157	877	165	1	10	0	16	16	16	0	0	16	4	555	527	182	417
False	False	True	0	True	False	False	0	0	540	870	166	1	8	0	16	16	16	0	0	16	4	660	279	371	68
False	False	False	0	False	True	True	0	0	544	337	167	1	20	0	16	16	16	0	0	16	4	236	328	182	94
False	True	True	0	False	False	False	0	0	544	338	168	1	8	0	16	16	16	0	0	16	4	234	328	182	428
False	False	False	0	True	False	True	0	0	540	777	169	1	23	0	16	16	16	0	0	16	4	252	596	598	442
False	False	False	0	True	False	True	0	0	544	873	170	1	20	0	16	16	16	0	0	16	4	297	611	182	202
False	False	False	0	False	True	True	0	0	217	853	171	1	15	0	16	16	16	0	0	16	4	330	411	341	197
False	False	True	0	False	False	True	0	0	881	871	172	1	5	0	16	16	16	0	0	16	4	191	330	435	604
True	True	False	0	False	False	False	0	0	221	226	173	1	13	0	16	16	16	0	0	16	4	350	331	127	366
False	False	False	0	True	False	True	0	0	234	321	174	1	23	0	16	16	16	0	0	16	4	182	291	340	133
False	False	True	0	False	False	True	0	0	282	713	175	1	23	0	16	16	16	0	0	16	4	419	667	258	694
False	False	False	0	False	True	True	0	0	640	781	176	1	15	0	16	16	16	0	0	16	4	447	430	247	56
True	True	False	0	False	False	False	0	0	221	131	177	1	13	0	16	16	16	0	0	16	4	127	442	428	349
False	False	True	0	False	False	True	0	0	158	780	178	1	5	0	16	16	16	0	0	16	4	196	555	406	182
False	False	True	0	False	False	True	0	0	639	776	179	1	20	0	16	16	16	0	0	16	4	704	406	430	469
False	False	True	0	False	False	True	0	0	540	866	180	1	17	0	16	16	16	0	0	16	4	252	303	573	94
True	True	False	0	False	False	False	2	0	547	555	181	1	13	0	16	16	16	0	0	16	4	281	369	423	424
True	True	False	0	False	False	False	0	0	275	874	182	1	13	0	16	16	16	0	0	16	4	157	34	469	397
False	False	True	0	False	False	True	0	0	234	875	183	1	23	0	16	16	16	0	0	16	4	334	133	556	127
False	False	False	0	True	False	True	0	0	234	884	184	1	22	0	16	16	16	0	0	16	4	784	555	182	368
True	False	False	0	False	True	False	0	0	213	479	185	1	10	0	16	16	16	0	0	16	4	86	104	85	506
True	False	False	0	True	False	False	0	0	157	132	186	1	10	0	16	16	16	0	0	16	4	144	0	0	0
False	False	True	0	True	False	False	0	0	540	880	187	1	8	0	16	16	16	0	0	16	4	754	525	156	214
False	False	True	0	True	False	False	0	0	540	881	188	1	8	0	16	16	16	0	0	16	4	371	419	156	214
False	False	True	0	False	False	True	0	0	544	882	189	1	23	0	16	16	16	0	0	16	4	250	182	291	141
False	False	True	0	False	False	True	0	0	234	883	190	1	23	0	16	16	16	0	0	16	4	258	59	694	182
False	True	False	0	True	False	False	0	0	234	812	191	1	3	0	19	19	19	0	0	19	4	182	409	14	73
True	True	False	0	False	False	False	0	0	275	815	192	1	3	0	19	19	19	0	0	19	4	299	364	116	389
True	False	False	0	False	True	False	0	0	213	818	193	1	10	0	19	19	19	0	0	19	4	330	247	226	104
True	False	False	0	False	False	True	0	0	157	826	194	1	10	0	19	19	19	0	0	19	4	334	243	105	776
False	False	False	0	True	False	True	0	0	296	12	195	1	20	0	19	19	19	0	0	19	4	202	577	79	164
False	False	True	0	False	False	True	0	0	276	738	196	1	7	0	19	19	19	0	0	19	4	12	189	86	164
True	False	False	0	False	True	False	0	0	213	164	197	1	10	0	19	19	19	0	0	19	4	95	138	164	403
False	False	True	0	True	False	False	0	0	540	823	198	1	8	0	19	19	19	0	0	19	4	180	207	103	19
False	False	True	0	True	False	False	0	0	540	820	199	1	7	0	19	19	19	0	0	19	4	156	214	162	371
False	False	True	0	False	False	True	0	0	213	521	200	1	20	0	19	19	19	0	0	19	4	403	213	355	297
True	True	False	0	False	False	False	0	0	221	828	201	1	13	0	19	19	19	0	0	19	4	389	424	422	423
False	False	False	0	True	False	True	0	0	273	862	202	1	23	0	19	19	19	0	0	19	4	441	263	271	792
False	False	True	0	False	False	True	0	0	639	832	203	1	23	0	19	19	19	0	0	19	4	34	179	226	538
True	True	False	0	False	False	False	0	0	221	272	204	1	13	0	19	19	19	0	0	19	4	252	428	127	331
True	False	False	0	False	True	False	0	0	194	275	205	1	15	0	19	19	19	0	0	19	4	399	412	257	417
False	True	True	0	False	False	False	0	0	542	834	206	1	8	0	19	19	19	0	0	19	4	446	525	534	182
True	False	False	0	False	True	False	0	0	213	510	207	1	10	0	19	19	19	0	0	19	4	555	304	164	86
False	False	True	0	False	False	True	0	0	541	836	208	1	5	0	19	19	19	0	0	19	4	598	204	435	304
False	False	True	0	False	False	True	0	0	544	660	209	1	8	0	19	19	19	0	0	19	4	340	91	98	328
True	True	False	0	False	False	False	0	0	275	573	210	1	13	0	19	19	19	0	0	19	4	86	369	227	541
True	True	False	0	False	False	False	0	0	269	763	211	1	13	0	19	19	19	0	0	19	4	113	115	688	369
False	False	False	0	False	True	True	0	0	879	45	212	1	20	0	19	19	19	0	0	19	4	188	668	580	202
True	True	False	0	False	False	False	0	0	203	182	213	1	13	0	19	19	19	0	0	19	4	348	175	483	226
False	False	False	0	True	False	True	0	0	281	407	214	1	20	0	19	19	19	0	0	19	4	92	599	182	202
False	False	True	0	False	True	False	0	0	285	279	215	1	15	0	19	19	19	0	0	19	4	311	542	240	182
True	True	False	0	False	False	False	0	0	213	596	216	1	13	0	19	19	19	0	0	19	4	164	86	141	104
True	False	False	0	False	True	False	0	0	541	310	217	1	10	0	19	19	19	0	0	19	4	435	555	304	182
True	True	False	0	False	False	False	0	0	275	38	218	1	13	0	19	19	19	0	0	19	4	98	175	488	262
True	True	False	0	False	False	False	0	0	639	59	219	1	11	0	19	19	19	0	0	19	4	315	394	245	336
False	True	True	0	False	False	False	0	0	276	584	220	1	2	0	19	19	19	0	0	19	4	329	419	153	420
False	False	True	0	True	False	False	0	0	234	473	221	1	5	0	19	19	19	0	0	19	4	156	246	90	214
True	True	False	0	False	False	False	0	0	234	362	222	1	13	0	19	19	19	0	0	19	4	182	164	556	242
True	False	False	0	False	True	False	0	0	203	478	223	1	10	0	19	19	19	0	0	19	4	194	191	247	58
True	False	False	0	False	False	True	0	0	639	344	224	1	20	0	19	19	19	0	0	19	4	241	201	76	414
False	True	True	0	False	False	False	0	0	276	750	225	1	8	0	19	19	19	0	0	19	4	90	479	707	182
False	False	False	0	True	False	True	0	0	234	558	226	1	23	0	19	19	19	0	0	19	4	776	446	398	182
False	True	False	0	False	False	True	0	0	273	623	227	1	23	0	19	19	19	0	0	19	4	263	271	19	91
False	True	False	0	False	False	True	0	0	1122	518	228	1	2	0	19	19	19	0	0	19	4	428	360	157	433
True	False	False	0	False	True	False	0	0	234	178	229	1	10	0	19	19	19	0	0	19	4	493	297	182	403
True	True	False	0	False	False	False	0	0	221	760	230	1	13	0	19	19	19	0	0	19	4	442	157	428	23
False	False	True	0	True	False	False	0	0	234	460	231	1	5	0	19	19	19	0	0	19	4	182	275	202	329
True	False	False	0	False	True	False	0	0	268	99	232	1	15	0	19	19	19	0	0	19	4	59	503	246	341
False	False	True	0	False	False	True	0	0	213	195	233	1	22	0	19	19	19	0	0	19	4	92	182	91	330
False	True	True	0	False	False	False	0	0	275	342	234	1	2	0	19	19	19	0	0	19	4	371	182	279	419
True	True	False	0	False	False	False	0	0	201	291	235	1	13	0	19	19	19	0	0	19	4	404	512	175	203
True	True	False	0	False	False	False	0	0	213	292	236	1	13	0	19	19	19	0	0	19	4	109	189	425	182
True	True	False	0	False	False	False	0	0	275	106	237	1	13	0	19	19	19	0	0	19	4	252	179	418	182
False	True	False	0	False	False	True	0	0	275	107	238	1	3	0	19	19	19	0	0	19	4	183	364	197	68
True	True	False	0	False	False	False	0	0	275	237	239	1	3	0	19	19	19	0	0	19	4	283	364	389	197
False	False	False	0	True	True	False	0	0	217	675	240	1	15	0	19	19	19	0	0	19	4	69	447	492	57
True	True	False	0	False	False	False	0	0	234	601	241	1	3	0	19	19	19	0	0	19	4	182	528	544	508
False	False	True	0	False	False	True	0	0	234	416	242	1	23	0	19	19	19	0	0	19	4	455	92	565	182
False	False	True	0	False	False	True	0	0	272	437	243	1	8	0	19	19	19	0	0	19	4	271	446	484	182
False	False	False	0	False	True	True	0	0	879	282	244	1	15	0	19	19	19	0	0	19	4	273	248	577	678
True	True	False	0	False	False	False	0	0	275	475	245	1	13	0	19	19	19	0	0	19	4	194	370	425	282
False	False	False	0	True	False	True	0	0	205	426	246	1	20	0	19	19	19	0	0	19	4	506	261	347	226
False	False	True	0	False	False	True	0	0	234	830	247	1	5	0	19	19	19	0	0	19	4	73	538	676	202
False	False	True	0	False	True	False	0	0	157	421	248	1	15	0	19	19	19	0	0	19	4	80	270	182	241
True	True	False	0	False	False	False	0	0	221	435	249	1	13	0	19	19	19	0	0	19	4	92	182	91	389
False	True	True	0	False	False	False	0	0	296	537	250	1	3	0	19	19	19	0	0	19	4	92	340	182	409
False	False	True	0	False	False	True	0	0	234	477	251	1	20	0	19	19	19	0	0	19	4	174	261	506	182
False	True	True	0	False	False	False	0	0	273	68	252	1	3	0	19	19	19	0	0	19	4	263	69	374	418
True	True	False	0	False	False	False	0	0	219	94	253	1	13	0	19	19	19	0	0	19	4	195	261	212	409
True	True	False	0	False	False	False	0	0	547	130	254	1	13	0	19	19	19	0	0	19	4	416	200	37	444
False	False	False	0	True	False	True	0	0	213	119	255	1	20	0	19	19	19	0	0	19	4	367	487	189	32
False	True	False	0	False	True	False	0	0	217	224	256	1	17	0	19	19	19	0	0	19	4	323	710	402	441
True	True	False	0	False	False	False	0	0	268	91	257	1	3	0	19	19	19	0	0	19	4	398	684	556	534
True	True	False	0	False	False	False	0	0	639	350	258	1	13	0	19	19	19	0	0	19	4	489	784	401	231
True	True	False	0	False	False	False	1	0	203	550	259	1	13	0	19	19	19	0	0	19	4	203	453	179	283
False	False	False	0	False	True	True	0	0	234	746	260	1	20	0	19	19	19	0	0	19	4	503	58	182	715
False	False	True	0	False	False	True	0	0	540	771	261	1	7	0	19	19	19	0	0	19	4	207	182	92	105
True	False	False	0	False	True	False	0	0	158	569	262	1	15	0	19	19	19	0	0	19	4	475	562	411	399
True	True	False	0	False	False	False	0	0	195	851	263	1	13	0	19	19	19	0	0	19	4	422	424	679	282
False	True	True	0	False	False	False	0	0	268	839	264	1	3	0	19	19	19	0	0	19	4	749	535	667	442
True	True	False	0	False	False	False	0	0	213	51	265	1	3	0	19	19	19	0	0	19	4	201	90	468	157
False	False	False	0	True	False	True	0	0	275	530	266	1	23	0	19	19	19	0	0	19	4	32	90	156	214
False	True	True	0	False	False	False	0	0	217	526	267	1	8	0	19	19	19	0	0	19	4	442	157	174	776
False	True	True	0	False	False	False	0	0	213	534	268	1	8	0	19	19	19	0	0	19	4	264	164	371	183
True	False	False	0	False	True	False	0	0	213	528	269	1	10	0	19	19	19	0	0	19	4	285	204	313	403
True	True	False	0	False	False	False	0	0	542	715	270	1	13	0	19	19	19	0	0	19	4	162	369	512	421
False	False	True	0	False	False	True	0	0	234	208	271	1	7	0	19	19	19	0	0	19	4	525	446	371	182
True	True	False	0	False	False	False	0	0	213	847	272	1	13	0	19	19	19	0	0	19	4	367	156	214	127
False	False	True	0	True	False	False	0	0	272	863	273	1	8	0	19	19	19	0	0	19	4	343	374	442	182
False	False	True	0	False	False	True	0	0	542	869	274	1	20	0	19	19	19	0	0	19	4	478	777	270	605
True	False	False	0	False	False	True	0	0	296	743	275	1	10	0	19	19	19	0	0	19	4	483	226	577	78
False	False	True	0	False	False	True	0	0	234	598	276	1	22	0	19	19	19	0	0	19	4	156	214	174	360
True	False	False	0	False	True	False	0	0	268	711	277	1	15	0	19	19	19	0	0	19	4	247	492	412	567
True	True	False	0	False	False	False	0	0	1120	26	278	1	13	0	19	19	19	0	0	19	4	609	683	521	252
False	False	False	0	True	True	False	0	0	285	134	279	1	15	0	19	19	19	0	0	19	4	311	58	240	247
True	False	False	0	False	False	True	0	0	285	135	280	1	20	0	19	19	19	0	0	19	4	311	87	240	247
False	False	False	0	False	True	True	0	0	284	136	281	1	20	0	19	19	19	0	0	19	4	311	247	241	304
True	False	False	0	False	True	False	0	0	288	196	282	1	10	0	19	19	19	0	0	19	4	285	271	473	182
False	False	False	0	True	True	False	0	0	213	197	283	1	17	0	19	19	19	0	0	19	4	399	247	189	304
False	False	True	0	False	True	False	0	0	284	470	284	1	5	0	19	19	19	0	0	19	4	311	76	241	304
False	False	True	0	False	True	False	0	0	282	471	285	1	5	0	19	19	19	0	0	19	4	311	573	258	304
False	False	False	0	False	True	True	0	0	883	700	286	1	20	0	19	19	19	0	0	19	4	115	605	595	581
False	False	False	0	False	True	True	0	0	158	685	287	1	15	0	19	19	19	0	0	19	4	178	113	605	85
False	False	False	0	True	True	False	0	0	219	683	288	1	17	0	19	19	19	0	0	19	4	433	605	227	495
False	False	True	0	True	False	False	0	0	540	752	289	1	7	0	19	19	19	0	0	19	4	243	679	503	392
False	False	True	0	True	False	False	0	0	540	202	290	1	5	0	19	19	19	0	0	19	4	68	243	227	194
False	True	True	0	False	False	False	0	0	271	865	291	1	8	0	19	19	19	0	0	19	4	116	400	348	143
False	False	False	0	False	True	True	0	0	540	171	292	1	15	0	19	19	19	0	0	19	4	487	85	156	214
False	True	True	0	False	False	False	0	0	281	454	293	1	8	0	19	19	19	0	0	19	4	339	409	418	182
False	False	True	0	False	False	True	0	0	686	560	294	1	23	0	19	19	19	0	0	19	4	156	214	612	242
False	False	True	0	True	False	False	1	0	286	618	295	1	8	0	19	19	19	0	0	19	4	779	220	389	182
False	False	True	0	True	False	False	0	0	213	213	296	1	7	0	19	19	19	0	0	19	4	379	444	360	89
False	False	False	0	False	True	True	0	0	187	340	297	1	15	0	19	19	19	0	0	19	4	562	330	503	248
False	False	False	0	False	True	True	1	0	187	423	298	1	15	0	19	19	19	0	0	19	4	240	201	311	414
False	True	True	0	False	False	False	0	0	232	768	299	1	3	0	19	19	19	0	0	19	4	660	421	534	529
False	False	True	0	True	False	False	0	0	540	689	300	1	8	0	19	19	19	0	0	19	4	339	534	214	156
True	True	False	0	False	False	False	0	0	221	225	301	1	3	0	19	19	19	0	0	19	4	98	252	420	194
False	False	True	0	False	False	True	0	0	540	864	302	1	5	0	19	19	19	0	0	19	4	261	668	506	133
False	False	True	0	True	False	False	0	0	213	861	303	1	8	0	19	19	19	0	0	19	4	207	384	141	276
False	False	False	0	False	True	True	0	0	268	858	304	1	15	0	19	19	19	0	0	19	4	750	247	605	595
True	False	False	0	True	False	False	0	0	213	758	305	1	13	0	19	19	19	0	0	19	4	92	182	189	141
False	False	True	0	False	False	True	0	0	327	625	306	1	8	0	19	19	19	0	0	19	4	12	86	400	427
False	True	True	0	False	False	False	0	0	544	538	307	1	3	0	19	19	19	0	0	19	4	20	398	182	91
True	True	False	0	False	False	False	0	0	221	539	308	1	13	0	19	19	19	0	0	19	4	89	157	428	490
False	False	True	0	False	True	False	1	0	217	110	309	1	15	0	19	19	19	0	0	19	4	472	114	605	482
False	False	True	0	False	False	True	0	0	544	185	310	1	8	0	19	19	19	0	0	19	4	91	389	328	182
False	False	False	0	True	False	True	0	0	540	36	311	1	22	0	19	19	19	0	0	19	4	118	182	236	266
True	False	False	0	False	True	False	0	0	221	468	312	1	10	0	19	19	19	0	0	19	4	86	403	326	234
False	True	True	0	False	False	False	0	0	234	143	313	1	8	0	19	19	19	0	0	19	4	281	182	484	535
False	False	False	0	True	False	True	0	0	234	547	314	1	20	0	19	19	19	0	0	19	4	267	580	581	73
False	True	False	0	False	False	True	0	0	185	464	315	1	2	0	19	19	19	0	0	19	4	157	667	8	182
False	False	True	0	False	False	True	0	0	157	576	316	1	20	0	19	19	19	0	0	19	4	182	286	248	417
False	True	False	0	True	False	False	0	0	219	579	317	1	2	0	19	19	19	0	0	19	4	433	360	428	157
False	True	False	0	False	False	True	0	0	540	589	318	1	3	0	19	19	19	0	0	19	4	565	103	156	214
True	False	False	0	True	False	False	0	0	213	617	319	1	10	0	19	19	19	0	0	19	4	515	369	364	182
False	False	False	0	False	True	True	0	0	219	606	320	1	22	0	19	19	19	0	0	19	4	182	433	286	94
True	True	False	0	False	False	False	0	0	213	614	321	1	15	0	19	19	19	0	0	19	4	258	240	710	524
True	True	False	0	False	False	False	0	0	1119	628	322	1	13	0	19	19	19	0	0	19	4	413	370	416	182
True	False	False	0	False	True	False	0	0	217	630	323	1	15	0	19	19	19	0	0	19	4	403	399	257	417
True	False	True	0	False	False	False	0	0	296	452	324	1	13	0	19	19	19	0	0	19	4	367	156	214	141
False	False	True	0	False	True	False	0	0	158	609	325	1	17	0	19	19	19	0	0	19	4	433	174	53	247
True	True	False	0	False	False	False	0	0	232	687	326	1	3	0	19	19	19	0	0	19	4	276	492	182	427
False	True	False	0	True	False	False	0	0	275	461	327	1	2	0	19	19	19	0	0	19	4	252	68	420	364
False	False	True	0	False	False	True	0	0	686	302	328	1	22	0	19	19	19	0	0	19	4	252	368	389	269
False	False	False	0	True	True	False	0	0	275	303	329	1	15	0	19	19	19	0	0	19	4	430	399	53	58
False	False	False	0	True	False	True	0	0	234	556	330	1	23	0	19	19	19	0	0	19	4	538	73	596	389
False	False	False	0	True	False	True	0	0	273	561	331	1	20	0	19	19	19	0	0	19	4	375	500	355	347
True	True	False	0	False	False	False	0	0	640	448	332	1	14	0	19	19	19	0	0	19	4	197	418	396	94
False	False	True	0	False	True	False	0	0	213	324	333	1	15	0	19	19	19	0	0	19	4	284	436	414	188
True	False	False	0	True	False	False	0	0	157	778	334	1	13	0	19	19	19	0	0	19	4	174	164	220	583
False	False	False	0	True	True	False	0	0	158	879	335	1	15	0	19	19	19	0	0	19	4	562	414	430	555
False	False	True	0	True	False	False	0	0	234	211	336	1	8	0	19	19	19	0	0	19	4	92	191	182	291
False	False	False	0	True	False	True	0	0	544	593	337	1	20	0	19	19	19	0	0	19	4	250	182	105	101
False	False	True	0	False	False	True	0	0	544	748	338	1	20	0	19	19	19	0	0	19	4	92	661	330	611
True	False	False	0	False	True	False	0	0	186	845	339	1	10	0	19	19	19	0	0	19	4	57	403	58	562
False	False	True	0	True	False	False	0	0	286	844	340	1	7	0	19	19	19	0	0	19	4	328	91	137	182
False	False	False	0	True	False	True	0	0	234	450	341	1	23	0	19	19	19	0	0	19	4	446	281	18	667
False	False	True	0	True	False	False	0	0	286	632	342	1	8	0	19	19	19	0	0	19	4	494	611	416	707
False	True	False	0	True	False	False	0	0	268	631	343	1	2	0	19	19	19	0	0	19	4	680	9	317	389
True	False	False	0	False	True	False	0	0	213	695	344	1	15	0	19	19	19	0	0	19	4	85	311	399	201
True	True	False	0	False	False	False	0	0	275	701	345	1	3	0	19	19	19	0	0	19	4	227	14	512	136
True	True	False	0	False	False	False	0	0	287	330	346	1	3	0	19	19	19	0	0	19	4	369	89	157	7
True	True	False	0	False	False	False	0	0	157	612	347	1	13	0	19	19	19	0	0	19	4	213	200	89	398
False	False	False	0	True	False	True	0	0	234	867	348	1	22	0	19	19	19	0	0	19	4	174	182	133	444
False	False	False	0	True	False	True	0	0	640	681	349	1	22	0	19	19	19	0	0	19	4	425	533	247	430
True	False	False	0	False	True	False	1	0	196	78	350	1	15	0	19	19	19	0	0	19	4	94	605	595	347
True	False	False	0	False	True	False	0	0	204	855	351	1	15	0	19	19	19	0	0	19	4	752	202	247	94
False	True	False	0	False	False	True	0	0	217	709	352	1	3	0	19	19	19	0	0	19	4	571	404	398	421
False	False	False	0	True	True	False	0	0	234	756	353	1	15	0	19	19	19	0	0	19	4	240	241	311	76
False	False	False	0	True	False	True	0	0	158	765	354	1	20	0	19	19	19	0	0	19	4	281	138	492	689
True	True	False	0	False	False	False	0	0	275	766	355	1	13	0	19	19	19	0	0	19	4	282	364	179	68
True	True	False	0	False	False	False	0	0	1120	877	356	1	13	0	19	19	19	0	0	19	4	521	575	252	269
True	True	False	0	False	False	False	0	0	221	870	357	1	13	0	19	19	19	0	0	19	4	748	157	442	428
False	False	True	0	True	False	False	0	0	269	337	358	1	5	0	19	19	19	0	0	19	4	115	446	94	153
False	False	False	0	True	False	True	0	0	269	338	359	1	23	0	19	19	19	0	0	19	4	113	446	428	153
True	True	False	0	False	False	False	0	0	191	777	360	1	3	0	19	19	19	0	0	19	4	609	273	521	369
True	False	False	0	False	True	False	0	0	184	873	361	1	10	0	19	19	19	0	0	19	4	366	58	403	405
False	False	True	0	False	False	True	0	0	544	853	362	1	23	0	19	19	19	0	0	19	4	20	197	612	291
False	False	True	0	False	False	True	0	0	540	871	363	1	22	0	19	19	19	0	0	19	4	105	367	503	85
False	False	False	0	True	False	True	0	0	285	226	364	1	20	0	19	19	19	0	0	19	4	503	403	392	240
False	False	True	0	True	False	False	0	0	286	321	365	1	8	0	19	19	19	0	0	19	4	90	487	250	34
False	False	True	0	True	False	False	0	0	234	713	366	1	8	0	19	19	19	0	0	19	4	419	667	776	174
False	False	True	0	False	False	True	0	0	544	781	367	1	7	0	19	19	19	0	0	19	4	250	182	202	566
False	False	True	0	False	False	True	0	0	276	131	368	1	22	0	19	19	19	0	0	19	4	156	214	329	32
True	False	False	0	False	False	True	0	0	542	780	369	1	10	0	19	19	19	0	0	19	4	406	326	53	137
True	False	False	0	False	True	False	0	0	270	776	370	1	10	0	19	19	19	0	0	19	4	504	53	406	430
False	False	False	0	False	True	True	0	0	879	866	371	1	20	0	19	19	19	0	0	19	4	196	605	94	678
True	True	False	0	False	False	False	2	0	195	555	372	1	3	0	19	19	19	0	0	19	4	612	7	8	34
False	False	False	0	True	False	True	0	0	217	874	373	1	23	0	19	19	19	0	0	19	4	286	182	157	89
True	False	False	0	False	True	False	0	0	282	875	374	1	15	0	19	19	19	0	0	19	4	258	59	694	57
True	True	False	0	False	False	False	0	0	157	884	375	1	13	0	19	19	19	0	0	19	4	14	337	442	280
True	False	False	0	False	True	False	0	0	234	479	376	1	10	0	19	19	19	0	0	19	4	261	182	85	506
True	False	False	0	True	False	False	0	0	213	132	377	1	10	0	19	19	19	0	0	19	4	144	0	0	0
False	True	True	0	False	False	False	0	0	276	880	378	1	3	0	19	19	19	0	0	19	4	407	754	444	231
False	False	True	0	True	False	False	0	0	234	881	379	1	8	0	19	19	19	0	0	19	4	269	422	423	157
True	True	False	0	False	False	False	0	0	287	882	380	1	13	0	19	19	19	0	0	19	4	242	423	706	162
False	False	True	0	False	False	True	0	0	282	883	381	1	23	0	19	19	19	0	0	19	4	258	59	694	56
True	True	False	0	False	False	False	0	0	270	812	382	1	3	0	23	23	23	0	0	23	4	778	667	663	34
True	True	False	0	False	False	False	0	0	221	815	383	1	13	0	23	23	23	0	0	23	4	24	424	428	442
True	True	False	0	False	False	False	0	0	640	818	384	1	3	0	23	23	23	0	0	23	4	389	127	333	565
True	False	False	0	False	True	False	0	0	268	826	385	1	15	0	23	23	23	0	0	23	4	94	405	247	412
True	False	False	0	False	True	False	0	0	287	12	386	1	10	0	23	23	23	0	0	23	4	403	405	412	247
False	True	True	0	False	False	False	0	0	270	738	387	1	3	0	23	23	23	0	0	23	4	528	404	398	242
True	False	False	0	False	True	False	0	0	1118	164	388	1	15	0	23	23	23	0	0	23	4	542	304	585	247
False	False	False	0	True	True	False	0	0	234	823	389	1	15	0	23	23	23	0	0	23	4	313	417	430	542
False	True	False	0	True	False	False	0	0	217	820	390	1	2	0	23	23	23	0	0	23	4	34	706	242	402
True	False	False	0	False	True	False	0	0	221	521	391	1	10	0	23	23	23	0	0	23	4	403	257	197	432
True	False	False	0	False	True	False	0	0	157	828	392	1	15	0	23	23	23	0	0	23	4	399	447	94	575
True	True	False	0	False	False	False	0	0	203	862	393	1	13	0	23	23	23	0	0	23	4	238	400	440	116
True	True	False	0	False	False	False	0	0	157	832	394	1	13	0	23	23	23	0	0	23	4	34	428	776	538
True	False	False	0	False	True	False	0	0	285	272	395	1	10	0	23	23	23	0	0	23	4	57	412	58	240
True	True	False	0	False	False	False	0	0	284	275	396	1	3	0	23	23	23	0	0	23	4	669	675	252	241
False	False	True	0	True	False	False	0	0	234	834	397	1	8	0	23	23	23	0	0	23	4	182	710	398	746
True	False	False	0	False	True	False	0	0	275	510	398	1	10	0	23	23	23	0	0	23	4	399	304	247	417
True	True	False	0	False	False	False	0	0	221	836	399	1	13	0	23	23	23	0	0	23	4	706	242	424	422
True	False	False	0	False	True	False	0	0	640	660	400	1	15	0	23	23	23	0	0	23	4	414	188	253	492
False	False	False	0	True	False	True	0	0	640	573	401	1	20	0	23	23	23	0	0	23	4	304	85	447	605
True	True	False	0	False	False	False	0	0	640	763	402	1	13	0	23	23	23	0	0	23	4	67	688	512	428
False	False	True	0	False	False	True	0	0	281	45	403	1	8	0	23	23	23	0	0	23	4	92	182	73	409
True	True	False	0	False	False	False	0	0	268	182	404	1	3	0	23	23	23	0	0	23	4	348	409	583	14
True	True	False	0	False	False	False	0	0	275	407	405	1	13	0	23	23	23	0	0	23	4	438	398	34	14
True	True	False	0	False	False	False	0	0	275	279	406	1	3	0	23	23	23	0	0	23	4	710	282	413	402
True	True	False	0	False	False	False	0	0	268	596	407	1	3	0	23	23	23	0	0	23	4	679	521	440	389
True	True	False	0	False	False	False	0	0	640	310	408	1	3	0	23	23	23	0	0	23	4	706	242	423	521
True	True	False	0	False	False	False	0	0	158	38	409	1	3	0	23	23	23	0	0	23	4	394	231	428	182
True	False	False	0	False	True	False	0	0	547	59	410	1	10	0	23	23	23	0	0	23	4	682	126	406	245
False	False	False	0	True	True	False	0	0	282	584	411	1	17	0	23	23	23	0	0	23	4	59	430	694	258
False	True	True	0	False	False	False	0	0	157	473	412	1	2	0	23	23	23	0	0	23	4	667	419	174	776
True	False	False	0	True	False	False	0	0	282	362	413	1	12	0	23	23	23	0	0	23	4	59	247	182	258
True	False	False	0	False	True	False	0	0	268	478	414	1	15	0	23	23	23	0	0	23	4	85	58	247	94
False	True	True	0	False	False	False	0	0	1122	344	415	1	2	0	23	23	23	0	0	23	4	153	428	529	433
False	False	False	0	True	False	True	0	0	540	750	416	1	22	0	23	23	23	0	0	23	4	68	156	214	371
True	True	False	0	False	False	False	0	0	232	558	417	1	3	0	23	23	23	0	0	23	4	400	163	444	182
False	True	True	0	False	False	False	0	0	268	623	418	1	3	0	23	23	23	0	0	23	4	409	325	9	7
False	False	True	0	True	False	False	0	0	270	518	419	1	5	0	23	23	23	0	0	23	4	156	214	585	94
True	True	False	0	False	False	False	0	0	1120	178	420	1	3	0	23	23	23	0	0	23	4	369	389	65	428
False	True	False	0	True	False	False	0	0	217	760	421	1	2	0	23	23	23	0	0	23	4	359	8	9	428
False	False	False	0	True	True	False	0	0	282	460	422	1	15	0	23	23	23	0	0	23	4	59	412	258	694
True	True	False	0	False	False	False	0	0	287	99	423	1	3	0	23	23	23	0	0	23	4	404	667	710	280
False	False	False	0	True	True	False	0	0	253	195	424	1	17	0	23	23	23	0	0	23	4	330	482	156	214
False	False	False	0	False	True	True	0	0	217	342	425	1	15	0	23	23	23	0	0	23	4	503	399	58	417
True	False	False	0	False	True	False	0	0	270	291	426	1	15	0	23	23	23	0	0	23	4	403	405	247	182
True	False	False	0	False	True	False	0	0	217	292	427	1	15	0	23	23	23	0	0	23	4	247	405	425	182
True	True	False	0	False	False	False	0	0	203	106	428	1	3	0	23	23	23	0	0	23	4	280	299	675	398
False	True	False	0	False	False	True	0	0	213	107	429	1	23	0	23	23	23	0	0	23	4	264	164	252	197
True	True	False	0	False	False	False	0	0	203	237	430	1	13	0	23	23	23	0	0	23	4	252	529	444	116
False	True	False	0	False	False	True	0	0	640	675	431	1	3	0	23	23	23	0	0	23	4	359	9	8	7
False	False	True	0	False	True	False	0	0	1122	601	432	1	17	0	23	23	23	0	0	23	4	433	86	435	430
False	True	True	0	False	False	False	0	0	195	416	433	1	3	0	23	23	23	0	0	23	4	454	512	440	182
False	False	False	0	False	True	True	0	0	234	437	434	1	15	0	23	23	23	0	0	23	4	94	430	182	347
True	False	False	0	False	True	False	0	0	268	282	435	1	10	0	23	23	23	0	0	23	4	605	595	94	412
True	True	False	0	False	False	False	0	0	327	475	436	1	13	0	23	23	23	0	0	23	4	427	400	163	444
True	True	False	0	False	False	False	0	0	201	426	437	1	3	0	23	23	23	0	0	23	4	566	512	34	182
False	False	False	0	False	True	True	0	0	284	830	438	1	15	0	23	23	23	0	0	23	4	311	76	74	241
False	False	False	0	False	True	True	0	0	275	421	439	1	15	0	23	23	23	0	0	23	4	605	267	76	241
True	False	False	0	False	True	False	0	0	204	435	440	1	15	0	23	23	23	0	0	23	4	53	399	247	562
False	False	False	0	False	True	True	0	0	187	537	441	1	15	0	23	23	23	0	0	23	4	482	330	411	414
False	False	False	0	False	True	True	0	0	219	477	442	1	17	0	23	23	23	0	0	23	4	433	247	411	94
True	True	False	0	False	False	False	0	0	287	68	443	1	13	0	23	23	23	0	0	23	4	223	675	663	157
True	True	False	0	False	False	False	0	0	213	94	444	1	13	0	23	23	23	0	0	23	4	174	182	389	566
True	False	False	0	False	True	False	0	0	270	130	445	1	15	0	23	23	23	0	0	23	4	240	542	87	56
True	False	False	0	False	True	False	0	0	285	119	446	1	15	0	23	23	23	0	0	23	4	59	56	341	240
False	False	False	0	False	True	True	0	0	268	224	447	1	15	0	23	23	23	0	0	23	4	58	53	56	412
False	False	True	0	False	False	True	0	0	234	91	448	1	7	0	23	23	23	0	0	23	4	182	59	791	390
False	False	False	0	True	False	True	0	0	540	350	449	1	20	0	23	23	23	0	0	23	4	214	156	243	503
True	True	False	0	False	False	False	1	0	221	550	450	1	13	0	23	23	23	0	0	23	4	97	127	428	423
False	True	True	0	False	False	False	0	0	268	746	451	1	3	0	23	23	23	0	0	23	4	710	89	156	214
False	False	True	0	False	False	True	0	0	158	771	452	1	22	0	23	23	23	0	0	23	4	68	243	269	182
False	False	False	0	True	False	True	0	0	281	569	453	1	22	0	23	23	23	0	0	23	4	92	599	182	94
False	False	False	0	False	True	True	0	0	214	851	454	1	15	0	23	23	23	0	0	23	4	241	76	315	405
False	False	True	0	False	True	False	0	0	640	839	455	1	15	0	23	23	23	0	0	23	4	414	126	246	682
True	True	False	0	False	False	False	0	0	275	51	456	1	13	0	23	23	23	0	0	23	4	389	179	262	89
True	True	False	0	False	False	False	0	0	221	530	457	1	3	0	23	23	23	0	0	23	4	14	529	421	350
False	True	True	0	False	False	False	0	0	1119	526	458	1	3	0	23	23	23	0	0	23	4	276	484	444	89
False	True	True	0	False	False	False	0	0	268	534	459	1	3	0	23	23	23	0	0	23	4	7	8	9	612
True	False	False	0	False	True	False	0	0	204	528	460	1	15	0	23	23	23	0	0	23	4	500	257	412	347
True	True	False	0	False	False	False	0	0	188	715	461	1	3	0	23	23	23	0	0	23	4	407	528	231	512
False	True	False	0	False	False	True	0	0	217	208	462	1	2	0	23	23	23	0	0	23	4	157	422	442	423
True	True	False	0	False	False	False	0	0	275	847	463	1	3	0	23	23	23	0	0	23	4	529	400	163	116
False	True	False	0	False	False	True	0	0	640	863	464	1	23	0	23	23	23	0	0	23	4	252	442	583	242
False	False	False	0	False	True	True	0	0	234	869	465	1	20	0	23	23	23	0	0	23	4	347	605	182	581
True	False	False	0	False	True	False	0	0	217	743	466	1	10	0	23	23	23	0	0	23	4	683	605	676	270
False	False	True	0	False	False	True	0	0	540	598	467	1	7	0	23	23	23	0	0	23	4	73	92	446	282
False	False	True	0	True	False	False	0	0	234	711	468	1	8	0	23	23	23	0	0	23	4	261	73	331	566
True	False	False	0	False	True	False	0	0	1121	26	469	1	15	0	23	23	23	0	0	23	4	87	411	447	57
False	False	False	0	True	True	False	0	0	234	134	470	1	15	0	23	23	23	0	0	23	4	503	182	273	247
True	False	False	0	False	True	False	0	0	541	135	471	1	10	0	23	23	23	0	0	23	4	435	304	113	182
False	False	False	0	False	True	True	0	0	234	136	472	1	15	0	23	23	23	0	0	23	4	436	304	45	182
False	False	False	0	False	True	True	0	0	287	196	473	1	15	0	23	23	23	0	0	23	4	248	45	478	605
False	False	True	0	False	False	True	0	0	234	197	474	1	20	0	23	23	23	0	0	23	4	182	273	492	269
False	True	True	0	False	False	False	0	0	540	470	475	1	8	0	23	23	23	0	0	23	4	669	241	235	204
False	False	False	0	False	True	True	0	0	640	471	476	1	15	0	23	23	23	0	0	23	4	243	58	247	420
False	False	False	0	True	True	False	0	0	157	700	477	1	15	0	23	23	23	0	0	23	4	304	347	156	473
True	False	False	0	False	True	False	0	0	188	841	478	1	15	0	23	23	23	0	0	23	4	406	412	403	182
False	True	False	0	True	False	False	0	0	188	842	479	1	2	0	23	23	23	0	0	23	4	174	360	776	331
True	False	False	0	False	False	True	0	0	269	678	480	1	20	1	23	23	23	0	0	23	4	115	113	473	252
True	False	False	0	False	True	False	0	0	232	678	481	1	10	2	23	23	23	0	0	23	4	326	412	399	252
False	True	False	0	False	False	True	0	0	234	685	482	1	3	0	23	23	23	0	0	23	4	583	409	182	538
False	False	True	0	False	False	True	0	0	639	683	483	1	7	0	23	23	23	0	0	23	4	433	605	360	409
False	False	False	0	False	True	True	0	0	234	752	484	1	15	0	23	23	23	0	0	23	4	503	405	58	182
False	False	False	0	True	False	True	0	0	217	202	485	1	20	0	23	23	23	0	0	23	4	68	243	227	194
False	False	True	0	False	False	True	0	0	640	865	486	1	8	0	23	23	23	0	0	23	4	68	364	660	282
False	False	False	0	False	True	True	0	0	297	171	487	1	15	0	23	23	23	0	0	23	4	435	57	59	605
True	False	False	0	False	True	False	0	0	193	454	488	1	15	0	23	23	23	0	0	23	4	411	399	562	410
False	True	False	0	True	False	False	0	0	640	560	489	1	3	0	23	23	23	0	0	23	4	409	675	8	442
False	False	False	0	False	True	True	1	0	640	618	490	1	15	0	23	23	23	0	0	23	4	330	414	482	430
False	False	True	0	True	False	False	0	0	542	213	491	1	8	0	23	23	23	0	0	23	4	446	227	564	317
False	False	False	0	True	True	False	0	0	285	340	492	1	15	0	23	23	23	0	0	23	4	56	414	59	240
False	True	False	0	False	False	True	1	0	217	423	493	1	3	0	23	23	23	0	0	23	4	89	127	34	444
False	True	False	0	False	False	True	0	0	270	768	494	1	3	0	23	23	23	0	0	23	4	453	389	660	710
True	True	False	0	False	False	False	0	0	187	689	495	1	13	0	23	23	23	0	0	23	4	504	710	157	238
True	False	False	0	False	True	False	0	0	275	225	496	1	15	0	23	23	23	0	0	23	4	182	573	420	68
False	True	False	0	False	False	True	0	0	639	864	497	1	3	0	23	23	23	0	0	23	4	247	279	444	141
False	False	False	0	False	True	True	0	0	217	861	498	1	17	0	23	23	23	0	0	23	4	417	605	411	399
False	True	True	0	False	False	False	0	0	217	858	499	1	3	0	23	23	23	0	0	23	4	427	583	438	14
True	False	False	0	False	True	False	0	0	270	758	500	1	15	0	23	23	23	0	0	23	4	252	53	188	406
True	True	False	0	False	False	False	0	0	268	625	501	1	3	0	23	23	23	0	0	23	4	442	400	280	427
False	False	True	0	True	False	False	0	0	273	538	502	1	8	0	23	23	23	0	0	23	4	263	69	374	156
True	True	False	0	False	False	False	0	0	268	539	503	1	3	0	23	23	23	0	0	23	4	280	8	398	675
False	False	True	0	True	False	False	1	0	281	110	504	1	8	0	23	23	23	0	0	23	4	92	182	220	790
False	True	True	0	False	False	False	0	0	268	185	505	1	3	0	23	23	23	0	0	23	4	444	389	89	8
False	False	False	0	True	False	True	0	0	234	36	506	1	20	0	23	23	23	0	0	23	4	182	322	585	500
False	True	False	0	False	False	True	0	0	640	468	507	1	2	0	23	23	23	0	0	23	4	245	583	428	280
False	True	False	0	False	False	True	0	0	217	143	508	1	3	0	23	23	23	0	0	23	4	34	667	7	8
False	False	True	0	False	True	False	0	0	547	547	509	1	5	0	23	23	23	0	0	23	4	605	542	366	269
False	True	False	0	False	False	True	0	0	187	464	510	1	2	0	23	23	23	0	0	23	4	157	667	9	182
True	False	False	0	False	False	True	0	0	287	576	511	1	10	0	23	23	23	0	0	23	4	271	259	94	399
False	True	False	0	True	False	False	0	0	272	579	512	1	2	0	23	23	23	0	0	23	4	271	182	220	409
False	True	True	0	False	False	False	0	0	158	589	513	1	3	0	23	23	23	0	0	23	4	400	163	529	224
True	True	False	0	False	False	False	0	0	275	617	514	1	3	0	23	23	23	0	0	23	4	92	182	369	409
False	False	False	0	False	True	True	0	0	639	606	515	1	17	0	23	23	23	0	0	23	4	94	473	412	678
True	True	False	0	False	False	False	0	0	221	614	516	1	13	0	23	23	23	0	0	23	4	556	67	157	675
True	True	False	0	False	False	False	0	0	268	628	517	1	3	0	23	23	23	0	0	23	4	413	370	421	369
False	True	True	0	False	False	False	0	0	640	630	518	1	3	0	23	23	23	0	0	23	4	413	198	282	369
True	False	False	0	False	True	False	0	0	191	452	519	1	15	0	23	23	23	0	0	23	4	92	474	399	405
True	False	False	0	False	True	False	0	0	287	609	520	1	10	0	23	23	23	0	0	23	4	126	247	412	94
True	False	False	0	False	True	False	0	0	194	687	521	1	10	0	23	23	23	0	0	23	4	399	94	85	53
True	True	False	0	False	False	False	0	0	189	461	522	1	13	0	23	23	23	0	0	23	4	14	280	8	675
False	False	False	0	True	True	False	0	0	217	302	523	1	15	0	23	23	23	0	0	23	4	247	399	94	408
False	True	True	0	False	False	False	0	0	270	303	524	1	3	0	23	23	23	0	0	23	4	8	242	442	583
False	True	False	0	False	True	False	0	0	275	556	525	1	17	0	23	23	23	0	0	23	4	580	389	596	412
True	False	False	0	False	True	False	0	0	268	561	526	1	10	0	23	23	23	0	0	23	4	403	94	605	257
True	False	False	0	False	True	False	0	0	217	448	527	1	15	0	23	23	23	0	0	23	4	396	247	430	94
False	False	False	0	False	True	True	0	0	214	324	528	1	15	0	23	23	23	0	0	23	4	281	315	414	188
False	True	False	0	False	False	True	0	0	219	778	529	1	2	0	23	23	23	0	0	23	4	433	583	421	194
False	True	False	0	True	False	False	0	0	268	879	530	1	3	0	23	23	23	0	0	23	4	583	442	428	444
True	False	False	0	False	True	False	0	0	297	211	531	1	15	0	23	23	23	0	0	23	4	503	58	188	247
False	False	True	0	True	False	False	0	0	540	593	532	1	7	0	23	23	23	0	0	23	4	503	247	202	433
False	False	False	0	True	False	True	0	0	234	748	533	1	20	0	23	23	23	0	0	23	4	390	661	506	330
False	False	False	0	False	True	True	0	0	285	845	534	1	20	0	23	23	23	0	0	23	4	57	542	59	240
True	True	False	0	False	False	False	0	0	191	849	535	1	3	0	23	23	23	0	0	23	4	528	441	675	508
False	False	True	0	True	False	False	1	0	234	849	536	1	5	0	23	23	23	0	0	23	4	92	506	182	602
False	False	True	0	True	False	False	0	0	213	844	537	1	8	0	23	23	23	0	0	23	4	489	776	137	667
False	False	True	0	True	False	False	0	0	540	450	538	1	8	0	23	23	23	0	0	23	4	303	776	667	174
True	True	False	0	False	False	False	0	0	547	632	539	1	13	0	23	23	23	0	0	23	4	660	12	203	175
False	False	False	0	True	True	False	0	0	159	631	540	1	17	0	23	23	23	0	0	23	4	562	126	411	202
True	False	False	0	False	True	False	0	0	275	695	541	1	15	0	23	23	23	0	0	23	4	85	311	399	241
True	True	False	0	False	False	False	0	0	214	701	542	1	3	0	23	23	23	0	0	23	4	276	512	444	398
True	True	False	0	False	False	False	0	0	275	330	543	1	13	0	23	23	23	0	0	23	4	349	200	89	444
True	True	False	0	False	False	False	0	0	275	612	544	1	13	0	23	23	23	0	0	23	4	349	530	179	157
False	False	True	0	False	True	False	0	0	270	867	545	1	17	0	23	23	23	0	0	23	4	433	247	414	406
False	False	False	0	True	True	False	0	0	639	681	546	1	15	0	23	23	23	0	0	23	4	588	247	430	403
True	True	False	0	False	False	False	1	0	221	78	547	1	13	0	23	23	23	0	0	23	4	428	23	583	675
False	False	False	0	True	False	True	0	0	540	855	548	1	20	0	23	23	23	0	0	23	4	668	202	247	261
True	True	False	0	False	False	False	0	0	270	876	549	1	3	1	23	23	23	0	0	23	4	252	428	409	387
True	False	False	0	False	False	True	0	0	882	876	550	1	10	2	23	23	23	0	0	23	4	252	226	347	500
False	False	False	0	True	False	True	0	0	158	709	551	1	23	0	23	23	23	0	0	23	4	174	73	182	389
False	False	True	0	False	True	False	0	0	275	756	552	1	5	0	23	23	23	0	0	23	4	147	668	585	412
False	False	False	0	False	True	True	0	0	219	765	553	1	17	0	23	23	23	0	0	23	4	433	94	492	689
True	True	False	0	False	False	False	0	0	268	766	554	1	3	0	23	23	23	0	0	23	4	370	89	441	402
True	True	False	0	False	False	False	0	0	268	877	555	1	3	0	23	23	23	0	0	23	4	783	706	402	280
True	True	False	0	False	False	False	0	0	1119	870	556	1	13	0	23	23	23	0	0	23	4	660	675	370	398
False	False	False	0	True	True	False	0	0	219	337	557	1	17	0	23	23	23	0	0	23	4	433	94	408	236
False	True	False	0	True	False	False	0	0	219	338	558	1	2	0	23	23	23	0	0	23	4	433	428	157	234
True	False	False	0	True	False	False	0	0	1120	777	559	1	13	0	23	23	23	0	0	23	4	252	596	521	369
True	False	False	0	False	False	True	0	0	282	873	560	1	10	0	23	23	23	0	0	23	4	59	694	258	405
False	True	False	0	True	False	False	0	0	234	853	561	1	3	0	23	23	23	0	0	23	4	753	197	409	291
False	False	False	0	True	True	False	0	0	234	871	562	1	15	0	23	23	23	0	0	23	4	390	474	506	435
False	False	False	0	True	False	True	0	0	157	226	563	1	20	0	23	23	23	0	0	23	4	503	403	58	355
True	False	False	0	False	True	False	0	0	213	321	564	1	10	0	23	23	23	0	0	23	4	323	58	57	304
False	False	False	0	True	False	True	0	0	640	713	565	1	23	0	23	23	23	0	0	23	4	419	667	360	243
False	True	True	0	False	False	False	0	0	268	781	566	1	3	0	23	23	23	0	0	23	4	677	438	566	710
False	False	True	0	False	False	True	0	0	158	131	567	1	7	0	23	23	23	0	0	23	4	195	182	250	419
False	False	False	0	False	True	True	0	0	639	780	568	1	15	0	23	23	23	0	0	23	4	304	406	53	412
False	True	True	0	False	False	False	0	0	157	776	569	1	3	0	23	23	23	0	0	23	4	484	535	776	174
False	True	False	0	False	False	True	0	0	270	866	570	1	3	0	23	23	23	0	0	23	4	252	420	389	428
True	True	False	0	False	False	False	2	0	221	555	571	1	13	0	23	23	23	0	0	23	4	556	157	442	428
True	True	False	0	False	False	False	0	0	287	874	572	1	13	0	23	23	23	0	0	23	4	157	535	484	776
True	False	False	0	False	False	True	0	0	221	875	573	1	13	0	23	23	23	0	0	23	4	556	127	428	442
False	False	False	0	False	True	True	0	0	640	884	574	1	20	0	23	23	23	0	0	23	4	399	406	85	243
True	False	False	0	False	True	False	4	0	234	479	575	1	10	0	23	23	23	0	0	23	4	403	527	261	182
False	False	False	0	True	True	False	1	0	234	479	576	1	15	0	23	23	23	0	0	23	4	315	85	261	182
True	False	False	0	True	False	False	2	0	639	479	577	1	10	0	23	23	23	0	0	23	4	56	85	86	506
False	False	False	0	True	True	False	5	0	234	479	578	1	15	0	23	23	23	0	0	23	4	437	85	261	182
True	False	False	0	True	False	False	3	0	639	479	579	1	10	0	23	23	23	0	0	23	4	59	85	86	506
True	False	False	0	True	False	False	0	0	268	132	580	1	10	0	23	23	23	0	0	23	4	144	0	0	0
False	False	False	0	False	True	True	0	0	270	880	581	1	15	0	23	23	23	0	0	23	4	406	85	414	53
False	False	False	0	False	True	True	0	0	270	881	582	1	15	0	23	23	23	0	0	23	4	59	57	435	304
True	True	False	0	False	False	False	0	0	221	882	583	1	13	0	23	23	23	0	0	23	4	428	442	157	127
True	True	False	0	False	False	False	0	0	221	883	584	1	13	0	23	23	23	0	0	23	4	428	442	157	127
True	False	False	0	False	True	False	0	0	195	6	585	1	10	0	23	23	23	0	0	23	4	519	406	403	182
True	True	False	0	False	False	False	0	0	1120	773	586	1	3	0	23	23	23	0	0	23	4	86	575	242	153
False	False	True	0	False	True	False	0	0	640	248	587	1	15	0	23	23	23	0	0	23	4	126	59	399	87
True	False	False	0	False	True	False	0	0	686	635	588	1	10	0	23	23	23	0	0	23	4	406	399	414	562
False	True	False	0	False	True	False	0	0	640	706	589	1	2	0	23	23	23	0	0	23	4	434	231	89	68
True	True	False	0	False	False	False	0	0	686	784	590	1	3	0	23	23	23	0	0	23	4	409	442	337	775
False	True	False	0	True	False	False	0	0	201	887	591	1	3	0	23	23	23	0	0	23	4	751	706	389	512
True	True	False	0	False	False	False	0	0	1119	812	592	1	3	0	27	27	27	0	0	27	4	452	369	276	252
True	True	False	0	False	False	False	0	0	270	815	593	1	3	0	27	27	27	0	0	27	4	38	780	136	389
True	False	False	0	False	True	False	0	0	275	818	594	1	15	0	27	27	27	0	0	27	4	745	403	399	116
False	False	True	0	False	False	True	0	0	639	826	595	1	20	0	27	27	27	0	0	27	4	97	347	500	202
True	False	False	0	False	True	False	0	0	275	12	596	1	15	0	27	27	27	0	0	27	4	483	405	412	542
False	False	False	0	False	True	True	0	0	268	738	597	1	15	0	27	27	27	0	0	27	4	85	405	430	403
True	True	False	0	False	False	False	0	0	271	164	598	1	3	0	27	27	27	0	0	27	4	143	211	428	36
True	True	False	0	False	False	False	0	0	203	823	599	1	13	0	27	27	27	0	0	27	4	413	776	211	339
False	False	True	0	False	False	True	0	0	214	820	600	1	7	0	27	27	27	0	0	27	4	360	187	387	276
True	True	False	0	False	False	False	0	0	271	521	601	1	13	0	27	27	27	0	0	27	4	143	369	211	400
False	True	False	0	True	False	False	0	0	640	828	602	1	3	0	27	27	27	0	0	27	4	369	282	98	583
False	True	True	0	False	False	False	0	0	270	862	603	1	3	0	27	27	27	0	0	27	4	370	38	441	792
True	True	False	0	False	False	False	0	0	213	362	604	1	3	0	27	27	27	0	0	27	4	329	556	442	89
False	True	False	0	True	False	False	0	0	234	832	605	1	3	0	27	27	27	0	0	27	4	38	528	182	340
False	False	False	0	False	True	True	0	0	276	272	606	1	17	0	27	27	27	0	0	27	4	411	56	437	59
True	True	False	0	False	False	False	0	0	270	275	607	1	13	0	27	27	27	0	0	27	4	348	389	404	153
True	True	False	0	False	False	False	0	0	268	834	608	1	3	0	27	27	27	0	0	27	4	457	231	710	242
True	True	False	0	False	False	False	0	0	232	510	609	1	3	0	27	27	27	0	0	27	4	163	400	427	252
True	True	False	0	False	False	False	0	0	270	836	610	1	3	0	27	27	27	0	0	27	4	528	38	583	182
False	True	True	0	False	False	False	0	0	276	660	611	1	2	0	27	27	27	0	0	27	4	359	231	444	441
True	True	False	0	False	False	False	0	0	221	573	612	1	13	0	27	27	27	0	0	27	4	350	331	541	282
True	True	False	0	False	False	False	0	0	284	763	613	1	13	0	27	27	27	0	0	27	4	669	583	235	241
False	False	False	0	False	True	True	0	0	217	45	614	1	15	0	27	27	27	0	0	27	4	605	676	482	267
True	False	False	0	False	True	False	0	0	284	182	615	1	10	0	27	27	27	0	0	27	4	76	585	267	241
True	False	False	0	False	True	False	0	0	214	407	616	1	15	0	27	27	27	0	0	27	4	437	605	247	326
True	False	False	0	False	True	False	0	0	186	279	617	1	15	0	27	27	27	0	0	27	4	56	542	59	182
True	False	False	0	False	True	False	0	0	270	596	618	1	15	0	27	27	27	0	0	27	4	85	405	412	389
True	False	False	0	False	True	False	0	0	547	310	619	1	10	0	27	27	27	0	0	27	4	87	315	63	521
True	False	False	0	False	True	False	0	0	284	38	620	1	15	0	27	27	27	0	0	27	4	126	326	76	241
False	True	False	0	False	False	True	0	0	640	59	621	1	3	0	27	27	27	0	0	27	4	394	370	245	583
False	False	False	0	True	True	False	0	0	640	584	622	1	15	0	27	27	27	0	0	27	4	420	59	430	243
False	True	False	0	True	False	False	0	0	640	473	623	1	3	0	27	27	27	0	0	27	4	89	556	444	420
True	False	False	0	False	True	False	0	0	282	478	624	1	15	0	27	27	27	0	0	27	4	247	59	694	258
False	False	True	0	False	False	True	0	0	234	344	625	1	2	0	27	27	27	0	0	27	4	182	414	94	322
False	True	True	0	False	False	False	0	0	214	750	626	1	2	0	27	27	27	0	0	27	4	276	182	484	667
True	True	False	0	False	False	False	0	0	203	558	627	1	13	0	27	27	27	0	0	27	4	504	282	444	404
True	True	False	0	False	False	False	0	0	287	623	628	1	13	0	27	27	27	0	0	27	4	223	444	566	89
False	False	False	0	True	True	False	0	0	639	518	629	1	17	0	27	27	27	0	0	27	4	247	585	94	412
True	False	False	0	False	True	False	0	0	287	178	630	1	15	0	27	27	27	0	0	27	4	403	94	257	605
True	True	False	0	False	False	False	0	0	270	760	631	1	3	0	27	27	27	0	0	27	4	416	370	663	667
False	False	False	0	False	True	True	0	0	214	460	632	1	15	0	27	27	27	0	0	27	4	437	59	414	182
True	True	False	0	False	False	False	0	0	327	99	633	1	13	0	27	27	27	0	0	27	4	152	400	163	182
False	True	False	0	True	False	False	0	0	217	195	634	1	3	0	27	27	27	0	0	27	4	667	127	231	34
True	True	False	0	False	False	False	0	0	287	342	635	1	13	0	27	27	27	0	0	27	4	242	404	152	280
True	True	False	0	False	False	False	0	0	275	291	636	1	3	0	27	27	27	0	0	27	4	14	404	512	400
True	True	False	0	False	False	False	0	0	275	292	637	1	3	0	27	27	27	0	0	27	4	421	404	425	182
False	True	False	0	False	False	True	0	0	270	106	638	1	3	0	27	27	27	0	0	27	4	252	444	136	182
True	True	False	0	False	False	False	0	0	268	107	639	1	3	0	27	27	27	0	0	27	4	9	8	7	612
True	True	False	0	False	False	False	0	0	1119	237	640	1	3	0	27	27	27	0	0	27	4	252	370	389	89
True	True	False	0	False	False	False	0	0	686	675	641	1	3	0	27	27	27	0	0	27	4	480	663	337	418
False	False	False	0	False	True	True	0	0	270	601	642	1	15	0	27	27	27	0	0	27	4	408	430	87	319
True	False	False	0	False	True	False	0	0	217	416	643	1	10	0	27	27	27	0	0	27	4	403	405	408	194
False	True	True	0	False	False	False	0	0	219	437	644	1	2	0	27	27	27	0	0	27	4	360	428	89	433
True	False	False	0	False	True	False	0	0	270	282	645	1	15	0	27	27	27	0	0	27	4	585	85	94	411
True	True	False	0	False	False	False	0	0	1119	475	646	1	3	0	27	27	27	0	0	27	4	370	428	398	675
False	False	False	0	True	True	False	0	0	273	426	647	1	15	0	27	27	27	0	0	27	4	153	247	271	85
False	False	True	0	False	True	False	0	0	640	830	648	1	15	0	27	27	27	0	0	27	4	437	304	676	235
True	True	False	0	False	False	False	0	0	284	421	649	1	3	0	27	27	27	0	0	27	4	669	583	182	241
True	True	False	0	False	False	False	0	0	268	435	650	1	3	0	27	27	27	0	0	27	4	398	675	231	583
False	True	False	0	True	False	False	0	0	270	537	651	1	3	0	27	27	27	0	0	27	4	710	438	89	409
False	True	False	0	False	False	True	0	0	640	477	652	1	3	0	27	27	27	0	0	27	4	89	325	280	8
False	True	False	0	True	False	False	0	0	232	68	653	1	3	0	27	27	27	0	0	27	4	238	444	667	530
True	False	False	0	False	True	False	0	0	297	94	654	1	15	0	27	27	27	0	0	27	4	247	94	482	411
True	True	False	0	False	False	False	0	0	186	130	655	1	3	0	27	27	27	0	0	27	4	349	127	444	89
True	True	False	0	False	False	False	0	0	546	119	656	1	13	0	27	27	27	0	0	27	4	224	398	127	529
False	True	True	0	False	False	False	0	0	232	224	657	1	3	0	27	27	27	0	0	27	4	350	331	710	116
True	True	False	0	False	False	False	0	0	275	91	658	1	13	0	27	27	27	0	0	27	4	42	350	333	504
True	False	False	0	False	True	False	0	0	640	350	659	1	15	0	27	27	27	0	0	27	4	56	59	406	341
True	True	False	0	False	False	False	0	0	268	550	660	1	3	0	27	27	27	0	0	27	4	457	706	710	242
False	False	True	0	False	True	False	0	0	639	746	661	1	15	0	27	27	27	0	0	27	4	56	58	156	214
False	False	True	0	False	False	True	0	0	234	771	662	1	22	0	27	27	27	0	0	27	4	92	220	182	487
False	True	True	0	False	False	False	0	0	270	569	663	1	3	0	27	27	27	0	0	27	4	441	402	776	174
False	True	False	0	True	False	False	0	0	234	851	664	1	3	0	27	27	27	0	0	27	4	394	141	489	182
False	True	True	0	False	False	False	0	0	217	839	665	1	3	0	27	27	27	0	0	27	4	444	394	89	153
True	True	False	0	False	False	False	0	0	327	51	666	1	3	0	27	27	27	0	0	27	4	444	421	163	182
True	True	False	0	False	False	False	0	0	283	530	667	1	3	0	27	27	27	0	0	27	4	201	89	442	157
False	True	True	0	False	False	False	0	0	283	526	668	1	3	0	27	27	27	0	0	27	4	444	89	484	201
False	True	False	0	True	False	False	0	0	270	534	669	1	3	0	27	27	27	0	0	27	4	370	444	667	183
True	False	False	0	False	True	False	0	0	268	528	670	1	10	0	27	27	27	0	0	27	4	403	94	412	247
True	False	False	0	False	True	False	0	0	1118	715	671	1	10	0	27	27	27	0	0	27	4	586	53	403	406
False	True	True	0	False	False	False	0	0	542	208	672	1	8	0	27	27	27	0	0	27	4	484	776	667	174
True	True	False	0	False	False	False	0	0	270	847	673	1	3	0	27	27	27	0	0	27	4	370	710	398	423
False	True	True	0	False	False	False	0	0	217	863	674	1	2	0	27	27	27	0	0	27	4	231	583	182	441
False	False	False	0	False	True	True	0	0	287	869	675	1	15	0	27	27	27	0	0	27	4	605	412	94	161
True	False	False	0	False	True	False	0	0	268	743	676	1	15	0	27	27	27	0	0	27	4	585	405	94	412
False	True	True	0	False	False	False	0	0	184	598	677	1	2	0	27	27	27	0	0	27	4	438	174	776	360
True	True	False	0	False	False	False	0	0	270	711	678	1	3	0	27	27	27	0	0	27	4	402	425	566	157
True	True	False	0	False	False	False	0	0	270	26	679	1	3	0	27	27	27	0	0	27	4	231	527	344	252
False	False	False	0	False	True	True	0	0	213	134	680	1	15	0	27	27	27	0	0	27	4	56	189	247	59
True	False	False	0	False	True	False	0	0	213	135	681	1	15	0	27	27	27	0	0	27	4	87	189	247	304
False	True	False	0	False	False	True	0	0	270	136	682	1	3	0	27	27	27	0	0	27	4	394	263	276	231
True	False	False	0	False	True	False	0	0	268	196	683	1	15	0	27	27	27	0	0	27	4	94	605	247	447
False	True	False	0	True	False	False	0	0	640	197	684	1	2	0	27	27	27	0	0	27	4	242	231	34	24
False	True	True	0	False	False	False	0	0	232	470	685	1	3	0	27	27	27	0	0	27	4	348	98	404	231
False	False	True	0	False	True	False	0	0	220	471	686	1	15	0	27	27	27	0	0	27	4	573	59	247	304
False	False	False	0	False	True	True	0	0	217	700	687	1	15	0	27	27	27	0	0	27	4	585	595	247	473
True	True	False	0	False	False	False	0	0	201	841	688	1	3	0	27	27	27	0	0	27	4	407	788	389	512
False	False	False	0	True	True	False	0	0	204	842	689	1	15	0	27	27	27	0	0	27	4	202	406	156	214
True	False	False	0	False	False	True	0	0	879	678	690	1	2	1	27	27	27	0	0	27	4	86	678	473	252
True	False	False	0	False	True	False	0	0	268	678	691	1	15	2	27	27	27	0	0	27	4	94	85	247	252
True	False	False	0	False	True	False	0	0	268	685	692	1	15	0	27	27	27	0	0	27	4	605	53	57	412
False	False	False	0	True	True	False	0	0	217	683	693	1	15	0	27	27	27	0	0	27	4	585	94	430	85
False	True	False	0	False	False	True	0	0	220	752	694	1	3	0	27	27	27	0	0	27	4	141	710	398	242
False	False	True	0	True	False	False	0	0	650	202	695	1	5	0	27	27	27	0	0	27	4	68	243	227	194
False	True	True	0	False	False	False	0	0	259	865	696	1	3	0	27	27	27	0	0	27	4	794	413	348	660
False	False	False	0	True	True	False	0	0	157	171	697	1	17	0	27	27	27	0	0	27	4	56	87	58	240
True	True	False	0	False	False	False	0	0	232	454	698	1	3	0	27	27	27	0	0	27	4	238	441	252	444
False	True	False	0	True	False	False	0	0	276	560	699	1	2	0	27	27	27	0	0	27	4	457	136	252	444
False	True	True	0	False	False	False	1	0	540	618	700	1	3	0	27	27	27	0	0	27	4	89	423	444	389
False	False	True	0	True	False	False	0	0	544	213	701	1	8	0	27	27	27	0	0	27	4	92	611	156	201
False	True	False	0	True	False	False	0	0	268	340	702	1	3	0	27	27	27	0	0	27	4	89	401	444	428
False	False	False	0	True	True	False	1	0	640	423	703	1	15	0	27	27	27	0	0	27	4	243	503	414	58
False	True	False	0	True	False	False	0	0	217	768	704	1	3	0	27	27	27	0	0	27	4	660	370	710	442
False	True	True	0	False	False	False	0	0	327	689	705	1	3	0	27	27	27	0	0	27	4	444	238	534	421
True	True	False	0	False	False	False	0	0	220	225	706	1	13	0	27	27	27	0	0	27	4	65	402	8	280
False	False	False	0	False	True	True	0	0	640	864	707	1	15	0	27	27	27	0	0	27	4	408	247	503	414
False	True	False	0	False	False	True	0	0	640	861	708	1	3	0	27	27	27	0	0	27	4	252	583	359	389
False	False	False	0	False	True	True	0	0	219	858	709	1	17	0	27	27	27	0	0	27	4	433	94	605	399
True	False	False	0	False	True	False	0	0	191	758	710	1	10	0	27	27	27	0	0	27	4	252	126	562	492
False	False	True	0	True	False	False	0	0	275	625	711	1	7	0	27	27	27	0	0	27	4	368	389	371	501
False	True	False	0	True	False	False	0	0	268	538	712	1	3	0	27	27	27	0	0	27	4	480	444	89	428
True	True	False	0	False	False	False	0	0	287	539	713	1	3	0	27	27	27	0	0	27	4	370	444	89	8
False	False	False	0	True	True	False	1	0	214	110	714	1	15	0	27	27	27	0	0	27	4	790	188	315	87
False	True	True	0	False	False	False	0	0	217	185	715	1	2	0	27	27	27	0	0	27	4	457	452	389	182
True	False	False	0	False	True	False	0	0	270	36	716	1	15	0	27	27	27	0	0	27	4	585	126	59	126
True	False	False	0	False	True	False	0	0	232	468	717	1	15	0	27	27	27	0	0	27	4	396	403	605	447
False	False	True	0	True	False	False	0	0	159	143	718	1	7	0	27	27	27	0	0	27	4	174	278	263	242
True	False	False	0	False	True	False	0	0	270	547	719	1	15	0	27	27	27	0	0	27	4	585	412	94	247
False	True	True	0	False	False	False	0	0	640	464	720	1	2	0	27	27	27	0	0	27	4	89	444	419	359
False	False	False	0	False	True	True	0	0	268	576	721	1	15	0	27	27	27	0	0	27	4	94	412	399	85
False	False	False	0	True	True	False	0	0	270	579	722	1	15	0	27	27	27	0	0	27	4	94	411	247	412
False	True	True	0	False	False	False	0	0	270	589	723	1	3	0	27	27	27	0	0	27	4	224	442	529	14
True	False	False	0	False	True	False	0	0	270	617	724	1	15	0	27	27	27	0	0	27	4	405	412	594	411
False	False	False	0	False	True	True	0	0	268	606	725	1	17	0	27	27	27	0	0	27	4	94	412	247	430
False	True	True	0	False	False	False	0	0	158	614	726	1	2	0	27	27	27	0	0	27	4	281	264	419	453
True	True	False	0	False	False	False	0	0	221	628	727	1	13	0	27	27	27	0	0	27	4	366	157	143	442
False	False	True	0	True	False	False	0	0	540	630	728	1	8	0	27	27	27	0	0	27	4	355	492	92	269
True	True	False	0	False	False	False	0	0	232	452	729	1	3	0	27	27	27	0	0	27	4	440	400	89	423
True	False	False	0	False	True	False	0	0	214	609	730	1	15	0	27	27	27	0	0	27	4	315	247	412	114
True	True	False	0	False	False	False	0	0	287	687	731	1	13	0	27	27	27	0	0	27	4	276	157	710	427
True	True	False	0	False	False	False	0	0	270	461	732	1	3	0	27	27	27	0	0	27	4	67	556	675	398
False	True	False	0	False	False	True	0	0	540	302	733	1	3	0	27	27	27	0	0	27	4	261	105	421	282
False	True	True	0	False	False	False	0	0	201	303	734	1	3	0	27	27	27	0	0	27	4	583	389	14	442
True	True	False	0	False	False	False	0	0	287	556	735	1	13	0	27	27	27	0	0	27	4	452	398	675	409
True	False	False	0	False	True	False	0	0	270	561	736	1	15	0	27	27	27	0	0	27	4	403	94	430	58
True	True	False	0	False	False	False	0	0	270	448	737	1	3	0	27	27	27	0	0	27	4	245	370	309	444
False	True	True	0	False	False	False	0	0	234	324	738	1	8	0	27	27	27	0	0	27	4	535	776	174	182
True	True	False	0	False	False	False	0	0	270	778	739	1	3	0	27	27	27	0	0	27	4	583	425	421	14
False	True	False	0	True	False	False	0	0	217	879	740	1	3	0	27	27	27	0	0	27	4	484	535	667	583
True	True	False	0	False	False	False	0	0	640	211	741	1	3	0	27	27	27	0	0	27	4	398	127	565	675
False	False	False	0	False	True	True	0	0	640	593	742	1	20	0	27	27	27	0	0	27	4	56	247	58	412
False	False	True	0	True	False	False	0	0	281	748	743	1	5	0	27	27	27	0	0	27	4	92	105	661	503
True	True	False	0	False	False	False	0	0	271	845	744	1	3	0	27	27	27	0	0	27	4	291	182	413	211
True	False	False	0	False	True	False	0	0	1118	849	745	1	19	0	27	27	27	0	0	27	4	786	482	586	555
False	False	False	0	True	True	False	1	0	1118	849	746	1	15	0	27	27	27	0	0	27	4	786	482	586	555
False	True	True	0	False	False	False	0	0	327	844	747	1	3	0	27	27	27	0	0	27	4	444	529	342	489
False	True	True	0	False	False	False	0	0	220	450	748	1	3	0	27	27	27	0	0	27	4	667	444	423	422
True	True	False	0	False	False	False	0	0	184	632	749	1	3	0	27	27	27	0	0	27	4	442	660	444	276
False	True	False	0	False	True	False	0	0	214	631	750	1	2	0	27	27	27	0	0	27	4	315	276	394	389
True	False	False	0	False	True	False	0	0	157	695	751	1	15	0	27	27	27	0	0	27	4	87	311	399	240
True	True	False	0	False	False	False	0	0	271	701	752	1	3	0	27	27	27	0	0	27	4	136	143	444	398
True	False	False	0	False	True	False	0	0	1120	330	753	1	11	0	27	27	27	0	0	27	4	434	660	89	369
True	True	False	0	False	False	False	0	0	270	612	754	1	3	0	27	27	27	0	0	27	4	660	530	370	398
False	True	True	0	False	False	False	0	0	217	867	755	1	7	0	27	27	27	0	0	27	4	261	566	89	444
False	True	False	0	True	False	False	0	0	270	681	756	1	3	0	27	27	27	0	0	27	4	588	425	427	533
True	True	False	0	False	False	False	1	0	232	78	757	1	3	0	27	27	27	0	0	27	4	427	529	583	675
True	False	False	0	False	True	False	0	0	275	855	758	1	11	0	27	27	27	0	0	27	4	504	389	247	500
True	False	False	0	False	True	False	0	0	268	876	759	1	15	1	27	27	27	0	0	27	4	595	94	247	412
False	False	True	0	False	False	True	0	0	540	876	760	1	20	2	27	27	27	0	0	27	4	248	266	270	577
False	True	False	0	True	False	False	0	0	640	709	761	1	3	0	27	27	27	0	0	27	4	452	421	389	89
False	False	False	0	False	True	True	0	0	270	756	762	1	15	0	27	27	27	0	0	27	4	147	138	585	412
False	False	False	0	False	True	True	0	0	639	765	763	1	15	0	27	27	27	0	0	27	4	500	411	85	492
True	True	False	0	False	False	False	0	0	287	766	764	1	3	0	27	27	27	0	0	27	4	370	89	442	157
True	True	False	0	False	False	False	0	0	221	877	765	1	13	0	27	27	27	0	0	27	4	783	98	424	423
False	False	True	0	True	False	False	0	0	234	870	766	1	8	0	27	27	27	0	0	27	4	748	675	280	182
True	False	False	0	False	True	False	0	0	268	337	767	1	15	0	27	27	27	0	0	27	4	585	94	408	59
True	True	False	0	False	False	False	0	0	268	338	768	1	3	0	27	27	27	0	0	27	4	444	428	394	89
True	True	False	0	False	False	False	0	0	221	777	769	1	13	0	27	27	27	0	0	27	4	609	716	442	428
True	False	False	0	False	True	False	0	0	195	873	770	1	10	0	27	27	27	0	0	27	4	483	59	542	405
False	True	True	0	False	False	False	0	0	270	853	771	1	3	0	27	27	27	0	0	27	4	389	370	710	8
False	True	True	0	False	False	False	0	0	191	871	772	1	3	0	27	27	27	0	0	27	4	389	710	398	716
False	False	False	0	False	True	True	0	0	276	226	773	1	17	0	27	27	27	0	0	27	4	56	59	542	355
False	True	False	0	True	False	False	0	0	220	321	774	1	3	0	27	27	27	0	0	27	4	710	484	428	89
False	True	False	0	True	False	False	0	0	220	713	775	1	2	0	27	27	27	0	0	27	4	419	667	360	444
False	True	False	0	False	True	False	0	0	639	781	776	1	17	0	27	27	27	0	0	27	4	360	438	247	56
False	False	True	0	False	True	False	0	0	640	131	777	1	17	0	27	27	27	0	0	27	4	420	573	56	94
False	False	False	0	False	True	True	0	0	276	780	778	1	17	0	27	27	27	0	0	27	4	59	542	411	434
False	False	True	0	False	True	False	0	0	214	776	779	1	15	0	27	27	27	0	0	27	4	315	434	411	469
True	False	False	0	False	True	False	0	0	268	866	780	1	15	0	27	27	27	0	0	27	4	447	94	59	87
True	True	False	0	False	False	False	2	0	268	555	781	1	3	0	27	27	27	0	0	27	4	444	394	359	556
False	True	True	0	False	False	False	0	0	270	874	782	1	2	0	27	27	27	0	0	27	4	444	89	776	174
True	True	False	0	False	False	False	0	0	270	875	783	1	13	0	27	27	27	0	0	27	4	457	556	710	187
False	True	True	0	False	False	False	0	0	158	884	784	1	7	0	27	27	27	0	0	27	4	776	337	444	368
True	False	False	0	False	True	False	4	0	221	479	785	1	10	0	27	27	27	0	0	27	4	403	85	86	247
True	False	False	0	False	True	False	1	0	214	479	786	1	15	0	27	27	27	0	0	27	4	315	521	247	270
False	False	False	0	True	True	False	2	0	270	479	787	1	15	0	27	27	27	0	0	27	4	56	87	247	417
True	False	False	0	False	True	False	5	0	214	479	788	1	15	0	27	27	27	0	0	27	4	437	521	247	270
False	False	False	0	True	True	False	3	0	270	479	789	1	15	0	27	27	27	0	0	27	4	59	87	247	417
True	False	False	0	True	False	False	0	0	287	132	790	1	10	0	27	27	27	0	0	27	4	144	0	0	0
False	True	True	0	False	False	False	0	0	217	880	791	1	2	0	27	27	27	0	0	27	4	407	754	444	231
False	True	True	0	False	False	False	0	0	217	881	792	1	2	0	27	27	27	0	0	27	4	556	754	444	231
False	True	True	0	False	False	False	0	0	217	882	793	1	2	0	27	27	27	0	0	27	4	407	755	428	34
False	True	True	0	False	False	False	0	0	217	883	794	1	2	0	27	27	27	0	0	27	4	556	755	428	34
True	False	False	0	False	True	False	0	0	270	6	795	1	15	0	27	27	27	0	0	27	4	126	76	542	241
True	False	False	0	False	True	False	0	0	1118	773	796	1	15	0	27	27	27	0	0	27	4	304	247	58	53
False	True	False	0	True	False	False	0	0	189	248	797	1	2	0	27	27	27	0	0	27	4	444	242	667	231
True	False	False	0	False	True	False	0	0	214	635	798	1	15	0	27	27	27	0	0	27	4	434	399	414	369
False	False	False	0	False	True	True	0	0	214	706	799	1	15	0	27	27	27	0	0	27	4	434	188	330	411
False	False	True	0	False	True	False	0	0	270	784	800	1	15	0	27	27	27	0	0	27	4	691	411	53	430
True	False	False	0	False	True	False	0	0	547	887	801	1	10	0	27	27	27	0	0	27	4	434	503	247	369
True	False	False	5	False	True	False	0	2	195	6	802	1	10	1	19	19	19	0	0	19	0	519	406	403	261
True	True	False	5	False	False	False	0	2	195	6	803	1	10	1	23	23	23	0	0	23	0	257	406	403	182
True	False	False	5	False	True	False	0	2	195	6	804	1	10	1	27	27	27	0	0	27	0	519	406	403	182
True	False	False	5	False	True	False	0	2	195	6	805	1	10	1	31	31	31	0	0	31	0	257	76	542	63
True	False	False	5	False	True	False	0	2	195	6	806	1	10	1	31	31	31	0	0	31	0	126	76	542	311
False	False	False	0	True	True	False	0	1	640	812	807	1	15	0	27	27	27	0	0	27	4	520	414	411	555
False	True	False	0	True	False	False	0	1	234	812	808	1	3	0	27	27	27	0	0	27	4	182	409	14	73
True	True	False	0	False	False	False	0	1	270	812	809	1	3	0	27	27	27	0	0	27	4	778	667	663	34
True	True	False	0	False	False	False	0	1	1119	812	810	1	3	0	27	27	27	0	0	27	4	452	369	276	252
True	False	False	0	False	True	False	0	1	287	815	811	1	15	0	27	27	27	0	0	27	4	519	247	411	486
True	True	False	0	False	False	False	0	1	275	815	812	1	3	0	27	27	27	0	0	27	4	299	364	116	389
True	True	False	0	False	False	False	0	1	221	815	813	1	13	0	27	27	27	0	0	27	4	24	424	428	442
True	True	False	0	False	False	False	0	1	270	815	814	1	3	0	27	27	27	0	0	27	4	38	780	136	389
True	False	False	0	False	True	False	0	1	268	818	815	1	15	0	27	27	27	0	0	27	4	518	247	59	341
True	False	False	0	False	True	False	0	1	213	818	816	1	10	0	27	27	27	0	0	27	4	330	247	226	104
True	True	False	0	False	False	False	0	1	640	818	817	1	3	0	27	27	27	0	0	27	4	389	127	333	565
True	False	False	0	False	True	False	0	1	275	818	818	1	15	0	27	27	27	0	0	27	4	745	403	399	116
True	False	False	0	False	True	False	0	1	203	836	819	1	14	0	27	27	27	0	0	27	4	486	488	86	336
False	False	True	0	False	False	True	0	1	541	836	820	1	5	0	27	27	27	0	0	27	4	598	204	435	304
True	True	False	0	False	False	False	0	1	221	836	821	1	13	0	27	27	27	0	0	27	4	706	242	424	422
True	True	False	0	False	False	False	0	1	270	836	822	1	3	0	27	27	27	0	0	27	4	528	38	583	182
False	False	True	0	False	False	True	0	1	540	477	823	1	23	0	27	27	27	0	0	27	4	425	220	261	182
False	False	True	0	False	False	True	0	1	234	477	824	1	20	0	27	27	27	0	0	27	4	174	261	506	182
False	False	False	0	False	True	True	0	1	219	477	825	1	17	0	27	27	27	0	0	27	4	433	247	411	94
False	True	False	0	False	False	True	0	1	640	477	826	1	3	0	27	27	27	0	0	27	4	89	325	280	8
False	False	True	0	False	False	True	0	1	234	452	827	1	8	0	27	27	27	0	0	27	4	92	182	109	675
True	False	True	0	False	False	False	0	1	296	452	828	1	13	0	27	27	27	0	0	27	4	367	156	214	141
True	False	False	0	False	True	False	0	1	191	452	829	1	15	0	27	27	27	0	0	27	4	92	474	399	405
True	True	False	0	False	False	False	0	1	232	452	830	1	3	0	27	27	27	0	0	27	4	440	400	89	423
False	False	False	0	False	True	True	0	1	269	282	831	1	20	0	27	27	27	0	0	27	4	605	304	791	113
False	False	False	0	False	True	True	0	1	879	282	832	1	15	0	27	27	27	0	0	27	4	273	248	577	678
True	False	False	0	False	True	False	0	1	268	282	833	1	10	0	27	27	27	0	0	27	4	605	595	94	412
True	False	False	0	False	True	False	0	1	270	282	834	1	15	0	27	27	27	0	0	27	4	585	85	94	411
False	False	True	0	False	False	True	0	1	540	468	835	1	5	0	27	27	27	0	0	27	4	227	113	605	266
True	False	False	0	False	True	False	0	1	221	468	836	1	10	0	27	27	27	0	0	27	4	86	403	326	234
False	True	False	0	False	False	True	0	1	640	468	837	1	2	0	27	27	27	0	0	27	4	245	583	428	280
True	False	False	0	False	True	False	0	1	327	468	838	1	15	0	27	27	27	0	0	27	4	396	403	605	447
True	False	False	0	False	False	True	1	1	234	78	839	1	10	0	27	27	27	0	0	27	4	182	286	94	605
True	False	False	0	False	True	False	1	1	196	78	840	1	15	0	27	27	27	0	0	27	4	94	605	595	347
True	True	False	0	False	False	False	1	1	221	78	841	1	13	0	27	27	27	0	0	27	4	428	23	583	675
True	True	False	0	False	False	False	1	1	232	78	842	1	3	0	27	27	27	0	0	27	4	427	529	583	675
False	False	True	0	False	True	False	0	1	158	738	843	1	15	0	27	27	27	0	0	27	4	435	405	598	564
False	False	True	0	False	False	True	0	1	276	738	844	1	7	0	27	27	27	0	0	27	4	12	189	86	164
False	True	True	0	False	False	False	0	1	270	738	845	1	3	0	27	27	27	0	0	27	4	528	404	398	242
False	False	False	0	False	True	True	0	1	268	738	846	1	15	0	27	27	27	0	0	27	4	85	405	430	403
False	False	True	0	True	False	False	0	1	286	851	847	1	5	0	27	27	27	0	0	27	4	503	257	182	35
True	True	False	0	False	False	False	0	1	195	851	848	1	13	0	27	27	27	0	0	27	4	422	424	679	282
False	False	False	0	False	True	True	0	1	214	851	849	1	15	0	27	27	27	0	0	27	4	241	76	315	405
False	True	False	0	True	False	False	0	1	234	851	850	1	3	0	27	27	27	0	0	27	4	394	141	489	182
False	False	True	0	False	False	True	0	1	184	589	851	1	7	0	27	27	27	0	0	27	4	269	368	68	182
False	True	False	0	False	False	True	0	1	540	589	852	1	3	0	27	27	27	0	0	27	4	565	103	156	214
False	True	True	0	False	False	False	0	1	158	589	853	1	3	0	27	27	27	0	0	27	4	400	163	529	534
False	True	True	0	False	False	False	0	1	270	589	854	1	3	0	27	27	27	0	0	27	4	224	442	529	14
False	False	True	0	False	False	True	0	1	213	416	855	1	8	0	27	27	27	0	0	27	4	207	390	454	213
False	False	True	0	False	False	True	0	1	234	416	856	1	23	0	27	27	27	0	0	27	4	455	92	565	182
False	True	True	0	False	False	False	0	1	195	416	857	1	3	0	27	27	27	0	0	27	4	454	512	440	182
True	False	False	0	False	True	False	0	1	217	416	858	1	10	0	27	27	27	0	0	27	4	403	405	408	194
False	False	False	0	False	True	True	0	1	234	743	859	1	15	0	27	27	27	0	0	27	4	285	577	182	312
True	False	False	0	False	False	True	0	1	296	743	860	1	10	0	27	27	27	0	0	27	4	483	226	577	78
True	False	False	0	False	True	False	0	1	217	743	861	1	10	0	27	27	27	0	0	27	4	683	605	676	270
True	False	False	0	False	True	False	0	1	268	743	862	1	15	0	27	27	27	0	0	27	4	585	405	94	412
False	False	False	0	True	False	True	0	1	544	873	863	1	20	0	27	27	27	0	0	27	4	297	611	182	202
True	False	False	0	False	True	False	0	1	184	873	864	1	10	0	27	27	27	0	0	27	4	366	58	403	405
True	False	False	0	False	False	True	0	1	282	873	865	1	10	0	27	27	27	0	0	27	4	59	694	258	405
True	False	False	0	False	True	False	0	1	195	873	866	1	10	0	27	27	27	0	0	27	4	483	59	542	405
False	False	True	0	False	False	True	0	1	234	865	867	1	23	0	27	27	27	0	0	27	4	279	334	182	398
False	True	True	0	False	False	False	0	1	271	865	868	1	8	0	27	27	27	0	0	27	4	116	400	348	143
False	False	True	0	False	False	True	0	1	640	865	869	1	8	0	27	27	27	0	0	27	4	68	364	660	282
False	True	True	0	False	False	False	0	1	259	865	870	1	3	0	27	27	27	0	0	27	4	794	413	348	660
False	False	True	0	False	False	True	0	1	275	448	871	1	2	0	27	27	27	0	0	27	4	68	245	371	418
True	True	False	0	False	False	False	0	1	640	448	872	1	14	0	27	27	27	0	0	27	4	197	418	396	94
True	False	False	0	False	True	False	0	1	217	448	873	1	15	0	27	27	27	0	0	27	4	396	247	430	94
True	True	False	0	False	False	False	0	1	270	448	874	1	3	0	27	27	27	0	0	27	4	245	370	309	444
True	True	False	0	False	False	False	0	1	686	784	875	1	3	0	27	27	27	0	0	27	4	409	442	337	775
False	False	True	0	False	True	False	0	1	270	784	876	1	15	0	27	27	27	0	0	27	4	691	411	53	430
True	False	False	0	False	True	False	0	1	275	828	877	1	10	0	27	27	27	0	0	27	4	555	447	417	226
True	True	False	0	False	False	False	0	1	221	828	878	1	13	0	27	27	27	0	0	27	4	389	424	422	423
True	False	False	0	False	True	False	0	1	157	828	879	1	15	0	27	27	27	0	0	27	4	399	447	94	575
False	True	False	0	True	False	False	0	1	640	828	880	1	3	0	27	27	27	0	0	27	4	369	282	98	583
False	False	False	0	True	True	False	0	1	157	461	881	1	15	0	27	27	27	0	0	27	4	196	555	115	252
False	True	False	0	True	False	False	0	1	275	461	882	1	2	0	27	27	27	0	0	27	4	252	68	420	364
True	True	False	0	False	False	False	0	1	189	461	883	1	13	0	27	27	27	0	0	27	4	14	280	8	675
True	True	False	0	False	False	False	0	1	270	461	884	1	3	0	27	27	27	0	0	27	4	67	556	675	398
True	False	False	0	False	True	False	0	1	686	635	885	1	10	0	27	27	27	0	0	27	4	406	399	414	562
True	False	False	0	False	True	False	0	1	214	635	886	1	15	0	27	27	27	0	0	27	4	434	399	414	369
True	False	False	0	True	False	False	0	0	213	132	887	1	10	0	12	12	12	0	0	12	2	144	0	0	0
False	False	False	0	True	True	False	0	0	640	812	888	1	15	0	31	31	31	0	0	31	4	520	414	411	555
True	False	False	0	False	True	False	0	0	287	815	889	1	15	0	31	31	31	0	0	31	4	519	247	411	486
True	False	False	0	False	True	False	0	0	268	818	890	1	15	0	31	31	31	0	0	31	4	518	247	59	341
False	False	False	0	True	True	False	0	0	285	537	891	1	15	0	31	31	31	0	0	31	4	240	311	341	380
True	True	False	0	False	False	False	0	0	639	464	892	1	13	0	31	31	31	0	0	31	4	397	350	89	407
True	True	False	0	False	False	False	0	0	232	612	893	1	11	0	31	31	31	0	0	31	4	784	157	43	555
False	False	True	0	True	False	False	0	0	158	681	894	1	7	0	31	31	31	0	0	31	4	588	14	425	442
False	False	True	0	False	False	True	0	0	540	866	895	1	17	0	31	31	31	0	0	31	4	252	303	573	94
False	True	False	0	True	False	False	0	0	234	812	896	1	3	0	31	31	31	0	0	31	4	182	409	14	73
True	True	False	0	False	False	False	0	0	275	815	897	1	3	0	31	31	31	0	0	31	4	299	364	116	389
True	False	False	0	False	True	False	0	0	213	818	898	1	10	0	31	31	31	0	0	31	4	330	247	226	104
False	True	True	0	False	False	False	0	0	296	537	899	1	3	0	31	31	31	0	0	31	4	92	340	182	409
False	True	False	0	False	False	True	0	0	185	464	900	1	2	0	31	31	31	0	0	31	4	157	667	8	182
True	True	False	0	False	False	False	0	0	157	612	901	1	13	0	31	31	31	0	0	31	4	213	200	89	398
False	False	False	0	True	False	True	0	0	640	681	902	1	22	0	31	31	31	0	0	31	4	425	533	247	430
False	False	False	0	False	True	True	0	0	879	866	903	1	20	0	31	31	31	0	0	31	4	196	605	94	678
True	True	False	0	False	False	False	0	0	270	812	904	1	3	0	31	31	31	0	0	31	4	778	667	663	34
True	True	False	0	False	False	False	0	0	221	815	905	1	13	0	31	31	31	0	0	31	4	24	424	428	442
True	True	False	0	False	False	False	0	0	640	818	906	1	3	0	31	31	31	0	0	31	4	389	127	333	565
False	False	False	0	False	True	True	0	0	187	537	907	1	15	0	31	31	31	0	0	31	4	482	330	411	414
False	True	False	0	False	False	True	0	0	187	464	908	1	2	0	31	31	31	0	0	31	4	157	667	9	182
True	True	False	0	False	False	False	0	0	275	612	909	1	13	0	31	31	31	0	0	31	4	349	530	179	157
False	False	False	0	True	True	False	0	0	639	681	910	1	15	0	31	31	31	0	0	31	4	588	247	430	403
False	True	False	0	False	False	True	0	0	270	866	911	1	3	0	31	31	31	0	0	31	4	252	420	389	428
False	True	False	0	True	False	False	0	0	201	887	912	1	3	0	31	31	31	0	0	31	4	751	706	389	512
True	True	False	0	False	False	False	0	0	1119	812	913	1	3	0	31	31	31	0	0	31	4	452	369	276	252
True	True	False	0	False	False	False	0	0	270	815	914	1	3	0	31	31	31	0	0	31	4	38	780	136	389
True	False	False	0	False	True	False	0	0	275	818	915	1	15	0	31	31	31	0	0	31	4	745	403	399	116
False	True	False	0	True	False	False	0	0	270	537	916	1	3	0	31	31	31	0	0	31	4	710	438	89	409
False	True	True	0	False	False	False	0	0	640	464	917	1	2	0	31	31	31	0	0	31	4	89	444	419	359
True	True	False	0	False	False	False	0	0	270	612	918	1	3	0	31	31	31	0	0	31	4	660	530	370	398
False	True	False	0	True	False	False	0	0	270	681	919	1	3	0	31	31	31	0	0	31	4	588	425	427	533
True	False	False	0	False	True	False	0	0	268	866	920	1	15	0	31	31	31	0	0	31	4	447	94	59	87
True	False	False	0	False	True	False	0	0	547	887	921	1	10	0	31	31	31	0	0	31	4	434	503	247	369